id,predicted
1543972437713169913,0.12900000000
1710552057351883447,0.00000000000
97075525,0.73133333333
83734823,0.38085555556
56722823,0.13091666667
103823601,0.85800000000
1159028243437550345,0.41833333333
92485765,0.45933333333
11142401,0.30511111111
1189875082289533291,0.00000000000
1544820103115167001,0.32009206349
26331127,0.26933333333
58383089,0.57757142857
64762469,0.27333333333
100902043,0.59859259259
103130147,0.36622222222
94352581,0.26694444444
1849015146225985937,0.20133333333
91307779,0.59222222222
53591385,0.13734055759
84071033,0.16209259259
99484949,0.41327777778
97864023,0.17988888889
31809543,0.09230505051
1519081708190436577,0.58866666667
59771473,0.70266666667
1310888620900225001,0.12400000000
23054201,0.84933333333
37470529,0.01266666667
1212015341587401973,0.39433333333
1416316577707248089,0.49926296296
101832245,0.65716666667
68246995,0.73688888889
1756465820043819145,0.47666666667
27426879,0.68933333333
2091222630723307823,0.36788888889
9573817,0.52733333333
2080092449182118981,0.64933333333
1251141566962475639,0.81200000000
1783888279582231987,0.93066666667
1826476019772171597,0.65550000000
1249362949252967849,0.40573333333
2051191513927827615,0.00066666667
2039399745194706101,0.50911111111
1893195000066736959,0.00506349206
1567628852321220807,0.56800000000
64621205,0.63200000000
91938145,0.60666666667
96597395,0.82533333333
1814888626208593037,0.84733333333
1826976599154564213,0.29972222222
51966579,0.02066666667
85515737,0.30600000000
47186163,0.26066666667
2036309142044769915,0.90000000000
20905161,0.10533333333
73129985,0.10533333333
95100725,0.19866666667
2084288255146553483,0.91800000000
58742447,0.44051111111
1886695825137020915,0.95600000000
1417185346384554545,0.48404444444
1885356732428994819,0.37248658009
2007144270243278011,0.71355555556
81007151,0.58933333333
1723114065324985943,0.00075000000
60731401,0.39977777778
1192486882099402455,0.18066666667
1946030187369504173,0.40716666667
29223797,0.30566666667
59323959,0.64622222222
50372867,0.08829629630
1810106570479888653,0.44733333333
1885461012383046433,0.00016413547
66101273,0.05711111111
14529759,0.49700000000
1250766577006766723,0.55666666667
106518741,0.38233333333
72400835,0.77933333333
1409701429620698123,0.91066666667
70424751,0.87253333333
1363166573484625613,0.31700000000
18904713,0.81400000000
1797087576353554885,0.71577777778
1197187293004134771,0.77466666667
1674239116434375591,0.60400000000
57836425,0.25940740741
59764833,0.05266666667
105539499,0.19560000000
1597300897135600549,0.68177777778
32003851,0.12666666667
1256666296163762689,0.16755555556
106439181,0.14677777778
74111879,0.81466666667
69733421,0.94600000000
2060842575246177695,0.84733333333
1280917146159393243,0.21355185185
2030632608934523157,0.55500000000
2059671940655431503,0.39800000000
1602033196615588423,0.33111111111
40073513,0.79933333333
102556467,0.52600000000
2083975193212643343,0.38294814815
1522421588098514519,0.30900000000
68672989,0.00133333333
1463284044785406063,0.00000000000
78126675,0.23379682540
93211405,0.21400000000
1685759651858937845,0.00000000000
1543689154732856719,0.63933333333
1949625833889070187,0.59276666667
30992181,0.48133333333
108514015,0.15133333333
92100893,0.50500000000
1802687560320534947,0.90133333333
61511661,0.76466666667
1810057176290931265,0.26734126984
1883882827665434287,0.17956666667
9264897,0.00000000000
30292517,0.97866666667
64766487,0.74400000000
1267959648744210427,0.78133333333
74639847,0.81933333333
77333199,0.05133333333
1127811022098867383,0.81000000000
1941956713402032851,0.65733333333
95752595,0.54897222222
102565765,0.17466666667
3545927,0.64533333333
2017335407613016505,0.89440874431
31286645,0.85733333333
1882804844215713467,0.00000000000
2026440676828129453,0.45266666667
1687435862077556231,0.44866666667
40759097,0.27680000000
108776543,0.03733333333
102343117,0.32400000000
88902571,0.66266666667
70992947,0.20946666667
72472045,0.25933333333
84703449,0.68533333333
1888356921532606875,0.74186666667
1869866970779058007,0.04933333333
1947384934581191451,0.00058099977
64250835,0.93333333333
26987613,0.22622222222
57832007,0.59633333333
38273069,0.67359259259
1826297740950413851,0.18650000000
100891001,0.46533333333
1913633247537403995,0.71333333333
2031868563240211973,0.13433333333
76702739,0.88666666667
1381220178282429117,0.83800000000
1218419600766351583,0.12666666667
83769527,0.84333333333
1593732730829748537,0.05733333333
30684045,0.00333333333
45666757,0.20833333333
90519443,0.11244444444
61511227,0.52273333333
19990317,0.78133333333
17378941,0.27133333333
1266448747285594425,0.39950000000
2049752518423791487,0.00000000000
1595707497828740245,0.92533333333
12307225,0.03455555556
1739136211315838159,0.05584444444
1429341909907700621,0.46566666667
30840329,0.05400000000
1843527752390772173,0.29842020202
1898394566311169215,0.35293333333
1729251318054512133,0.62822222222
1855350226467223747,0.87066666667
102258339,0.89400000000
40613349,0.34893333333
1616134523646442467,0.67266666667
58432359,0.91200000000
41295637,0.00600000000
41802615,0.00000000000
103130659,0.22334444444
5431507,0.04992592593
33261443,0.03133333333
1532815829390526679,0.19488888889
17872769,0.00200000000
18119269,0.57000000000
1197109770594456017,0.32466666667
103420943,0.11320000000
77555225,0.46200000000
105008639,0.03200000000
30297983,0.80844444444
97657475,0.00133333333
95718025,0.08177777778
93675945,0.10066666667
1726364764144508565,0.09200000000
85866829,0.62066666667
1567908525416967337,0.91866666667
1695173047908041003,0.48666666667
1652404511000476369,0.11066666667
1978112037167473199,0.03866666667
1178765098594784907,0.87400000000
61637927,0.20733333333
1300219371826039627,0.34677777778
2000301932531909807,0.10277777778
1704643128034088449,0.11747619048
1154686488398236669,0.00533333333
1180106653144306711,0.78216666667
96795843,0.15133333333
66498483,0.22666666667
1553890230698853325,0.58666666667
1147512302207034771,0.30200000000
99260949,0.53933333333
9134993,0.56033333333
1192866655635793875,0.50616666667
88228801,0.12359523810
1184076800967758583,0.46816666667
1544045718927607473,0.72733333333
95712805,0.54866666667
1887552165081211093,0.09333333333
1961334879301341531,0.61533333333
2078550379946260633,0.87100000000
1372514672522627087,0.46151666667
106725087,0.82159402628
80942779,0.48866666667
1500043649199360235,0.93492698413
102421931,0.69933333333
98108711,0.97000000000
1343685059533531643,0.12333333333
16679857,0.47200000000
1245982524539318347,0.05235555556
97993305,0.18166666667
1448447050861823159,0.00000000000
2083139285596934635,0.93800000000
11993761,0.00066666667
1905904207588909073,0.18500000000
1926468285383356993,0.22933333333
2021522357990265053,0.93266666667
69249487,0.84200000000
1411619630324211097,0.33951111111
1362122707053382357,0.00533333333
1679543185156914131,0.52992592593
50030917,0.52340000000
1773537336520195111,0.05466666667
13177239,0.65933333333
11152257,0.21986666667
1901980483184365705,0.89800000000
23274351,0.89200000000
20022457,0.14066666667
26161407,0.88786666667
1576629581904963721,0.05600000000
1823469695159611255,0.19344383394
59409441,0.91000000000
96606551,0.06000000000
1494736677972823935,0.46815755694
1826982086057625401,0.91600000000
68468185,0.32000000000
12960767,0.53750000000
1397035654055494735,0.54600000000
1911511945737343235,0.30933333333
1532113211884677943,0.04997142857
25616591,0.06533333333
1332759962074578631,0.82466666667
1837698347531376179,0.95952323232
80059425,0.00000000000
1939517076973425183,0.55266666667
88426201,0.79466666667
1644830999230860533,0.00000000000
92982639,0.77000000000
1727637892349283777,0.75266666667
379519,0.81577777778
1170022248366062169,0.78000000000
59884671,0.81866666667
1262597610701301887,0.10933333333
1253298897877985863,0.88266666667
1829280695982419259,0.28177777778
59802655,0.23848888889
1576244986229371405,0.37466666667
1916539189553449329,0.25993333333
1482321643118414473,0.66800000000
1285333227479510313,0.88433333333
101083263,0.70200000000
1380885935638247391,0.14800000000
1880108650922378411,0.70666666667
78003317,0.05266666667
1470698105916972197,0.88200000000
97734995,0.54733333333
48021421,0.56874563492
1554798048344779685,0.80266666667
1976156681557892341,0.00000000000
1761408902989768473,0.10500000000
54743057,0.00066666667
1698710272199627885,0.00133333333
1962121995892495835,0.88413541115
2087622214183702795,0.47766666667
1369865821160246059,0.28333333333
1400141941088928001,0.51933333333
2064122999778313711,0.91466666667
1889740828989316371,0.92333333333
1416321603918735915,0.55000000000
99975845,0.35633333333
101388983,0.03000000000
1884608692460097005,0.06733333333
1107162730360313835,0.93733333333
7484903,0.89622222222
1913345251115680129,0.29285959596
57128855,0.89733333333
107503935,0.63400000000
1506282658775757635,0.73333333333
1124892254063034407,0.90800000000
1929268657423493309,0.69333333333
1963681597594211637,0.76600000000
36652247,0.20181194296
72219169,0.09744444444
2050458552673727517,0.94533333333
1319290661355931705,0.78200000000
2091300819520761219,0.57200000000
23465491,0.09066666667
97467923,0.85066666667
1755123283781995239,0.80600000000
62422557,0.02200000000
97397397,0.35933333333
1237794213918192885,0.87400000000
2015016496992233359,0.25866666667
1469814504615012897,0.11466666667
1560863153943917865,0.49133333333
2085560302520178941,0.28542857143
2036333745961549733,0.00000000000
1715839663547061869,0.03033333333
1460673562862964205,0.50933333333
68294317,0.73800000000
2021977628727988093,0.54406666667
1205508339309457271,0.45400000000
1848364046406084269,0.41533333333
50384363,0.24306666667
51722401,0.34427777778
53427709,0.28933333333
66726089,0.20207936508
34765859,0.00066666667
1658026891547124829,0.25193333333
1961266260039951165,0.69600000000
1469742376143629917,0.04133333333
1773953,0.95466666667
92564103,0.68800000000
75060803,0.21611111111
50128907,0.78733333333
81556481,0.44948888889
14721339,0.49883333333
56305243,0.52600000000
2050453117129988501,0.07679761905
1465479904552858371,0.63333333333
13934861,0.31414285714
99134617,0.30133333333
42976329,0.30377777778
1936786043207979241,0.78733333333
1923282279498473869,0.64155555556
1270958731531094937,0.01333333333
1482849449846810673,0.89866666667
1998488022940675517,0.15333333333
1379735480286332191,0.49066666667
13426379,0.26618518519
79306609,0.32786904762
1543666286505696671,0.34200000000
14740367,0.86622222222
43442399,0.00000000000
2089168402158388599,0.31333333333
60793557,0.67466666667
63554981,0.00533333333
77081249,0.80933333333
26976059,0.29566666667
2069976449864921121,0.78433333333
1911517755012310801,0.05133333333
1762387574819397409,0.92533333333
1197504137536824043,0.48640000000
38527425,0.90400000000
38088985,0.27800000000
1588538254230559559,0.68400000000
99190803,0.20066666667
90849125,0.09400000000
107701685,0.73200000000
105546681,0.03800000000
1921611713224932097,0.74200000000
103122013,0.03666666667
70119945,0.47150000000
1186875210373139693,0.80000000000
1597342592393696637,0.92798421796
78210435,0.00133333333
50465225,0.21333333333
1888248623781643581,0.00000000000
76180707,0.02266666667
24668647,0.88000000000
102425309,0.73266666667
1989857231223723255,0.20066666667
53983475,0.85400000000
45973085,0.88111111111
1776825925143000091,0.96600000000
1656696830639432363,0.23866666667
17906637,0.64800000000
1967849621317998815,0.60200000000
2048058525064153647,0.01266666667
1908581730842913907,0.82200000000
104084961,0.14633333333
65148971,0.00133333333
2052075771395229809,0.88400000000
1875952200841583763,0.75733333333
1165843335811344369,0.96533333333
49242265,0.96900000000
1233135587885737585,0.84184444444
90970655,0.86000000000
30021445,0.00000000000
107024527,0.89400000000
1783147406880952725,0.94533333333
105329413,0.91466666667
104515905,0.64533333333
1694213690945612943,0.73466666667
1107155378248413589,0.07533333333
1578215023708554097,0.80533333333
1211703889168440847,0.02635185185
101355075,0.92000000000
1704245411433214699,0.65533333333
1341800572565092989,0.09266666667
45654439,0.71733333333
13725969,0.13683333333
1322670611189027615,0.19786666667
3108743,0.00533333333
1620233367347234317,0.10395555556
1349568258313907083,0.40316666667
51001231,0.36780000000
1996057829971638163,0.28366666667
1340437613903998099,0.18990793651
1752920738414523251,0.90000000000
1330623046940826707,0.00000000000
1316990262878514963,0.03605555556
1313211910955631061,0.16233333333
1985631444208472629,0.51666666667
41894343,0.98200000000
75142607,0.19866666667
88945687,0.76000000000
1800546169959181631,0.99133333333
2059582488896213881,0.05533333333
1623239742094369067,0.31166666667
1393413684065025743,0.61450000000
32976677,0.76333333333
1640353803466166515,0.30000000000
2046952125333336647,0.71066666667
1372280748409441447,0.89600000000
24536575,0.11146825397
33432163,0.04200000000
97222823,0.20358730159
68448751,0.20161851852
48973313,0.85066666667
1891781299784710675,0.00000000000
1847600385072536175,0.77416666667
2037483310834978407,0.81266666667
1794730306995345583,0.32333333333
40024607,0.33611111111
95096349,0.93800000000
1929409320993753437,0.24266666667
1252385048746296813,0.69866666667
1890514501157017655,0.64338888889
1810108687284469253,0.00400000000
1817639294312787445,0.17266666667
58241399,0.59533333333
1962368598545965725,0.95000000000
68644901,0.92848253968
31542949,0.09777777778
84696471,0.54433333333
1950600828319279125,0.94933333333
16197751,0.69371111111
47366251,0.16394444444
82600753,0.89800000000
1465411572107687219,0.20000000000
90736843,0.48488888889
9461471,0.22818888889
86828199,0.40800000000
104111797,0.48277777778
106332859,0.31800000000
104048385,0.57666666667
35662027,0.00266666667
96001589,0.08200000000
1169714239161670111,0.78933333333
24897673,0.47066666667
103462905,0.36288888889
100533379,0.82066666667
31489805,0.08466666667
1657898464264551267,0.18400000000
76262025,0.20527777778
1779419878585071567,0.96933333333
69891087,0.30588888889
1447844326564007511,0.96588571429
1814529086056695915,0.25334523810
1399855515036455983,0.52800000000
104518499,0.91600000000
1960781226116243829,0.14133333333
1323008496314942999,0.13424632035
43719893,0.14633333333
2922779,0.52500000000
69245433,0.62466666667
92833615,0.00000000000
1553440427563476941,0.84266666667
1656835720680360151,0.69977777778
1665413251226181513,0.50200000000
15978791,0.10666666667
97909611,0.00133333333
43211801,0.32711111111
1145157575599050183,0.95333333333
106993667,0.15933333333
2040525004163224915,0.62777777778
1133305407174290387,0.52466666667
1923508053593405065,0.00000000000
88413179,0.53933333333
1250835807337726817,0.00066666667
1886762930853175397,0.84666666667
2082541169353101257,0.49733333333
69429321,0.76200000000
2050455254123229439,0.72533333333
1479138669495161701,0.17225925926
2081413632172269999,0.00000000000
103822457,0.46266666667
73617347,0.32266666667
1120829381923722525,0.24000000000
1720390999250946747,0.37153756614
51841439,0.10000000000
92971049,0.27000000000
1562132085471474607,0.00506349206
96559843,0.10533333333
16547279,0.98666666667
92935635,0.00733333333
1247876500740013687,0.22516666667
54616417,0.64000000000
1585081578316885159,0.68422222222
72470997,0.69266666667
1504756196723651173,0.39911111111
2028080864879689739,0.22044444444
1230101817040642139,0.29088888889
94668747,0.20533333333
84469631,0.78600000000
30433687,0.80400000000
85903457,0.15200000000
1763516964774211769,0.38733333333
83610211,0.25080000000
48478043,0.94266666667
1833039394431549411,0.33933333333
1707221481049698103,0.54000000000
1812175181742403523,0.83000000000
58210715,0.08504761905
96495295,0.48400000000
1757786942422278197,0.22283333333
80627419,0.21355555556
69068757,0.64788888889
2050452911597164265,0.31177777778
55277439,0.62395833333
96457015,0.09222222222
2036707387939298359,0.00000000000
1781694108105019331,0.29466666667
73545059,0.67355555556
1343286477605867869,0.51894444444
82092915,0.00923809524
1839404156952206255,0.26148888889
2015123403769023111,0.75533333333
1549235826489697197,0.13000000000
1775842396873830725,0.98400000000
102901071,0.88533333333
1913262345665060391,0.54826190476
66334529,0.33777777778
1484096192101149355,0.74614814815
93840681,0.93266666667
72703711,0.09388888889
71891139,0.24644444444
2017276363161817141,0.00066666667
96234703,0.85200000000
47006397,0.81600000000
74547747,0.14400000000
1673564388131444431,0.06260317460
1332766957497319947,0.26133333333
1971666164259999649,0.58466666667
1267054947065003427,0.31800000000
22952055,0.83733333333
65630759,0.75666666667
1595724549293844819,0.89133333333
1298289407951679543,0.00000000000
103152185,0.29533333333
1988690939518312001,0.78022222222
1645443907640593785,0.18765000000
80403115,0.84588685389
101133139,0.01600000000
2016348705552369239,0.48400000000
102577369,0.90200000000
76417929,0.22333333333
40363783,0.74933333333
1363618027033296879,0.91000000000
1289461002513936691,0.83400000000
1932297609689065167,0.85200000000
69864159,0.32433333333
101744119,0.83200000000
26747871,0.77800000000
51088115,0.09400000000
1901946899606647705,0.53800000000
44793929,0.07200000000
62306781,0.53200000000
105837123,0.63483333333
1859710555794539205,0.93733333333
58105099,0.55466666667
1704250717524594535,0.87800000000
80838815,0.80533333333
1544044085635367239,0.32066666667
68277999,0.77600000000
104965559,0.79066666667
2036730905481168405,0.37977777778
1369208531436105535,0.69666666667
1731774928080056207,0.23933333333
45541435,0.46233333333
1927704588878100315,0.78200000000
1439613570567023841,0.79000000000
105532263,0.22200000000
1757800896124305007,0.00433333333
28170521,0.09819047619
1423526565167790771,0.27666666667
63756319,0.00054085505
82783825,0.45411111111
37375661,0.80700000000
1603490141207613199,0.74933333333
104671541,0.06066666667
38908673,0.91200000000
1847430735884578547,0.48243952621
1195566197683742755,0.31933333333
50370889,0.11035555556
99467373,0.43666666667
14779169,0.57066666667
1771575178377809383,0.61400000000
89133431,0.85933333333
1598943463170062611,0.17700000000
1775299052058413313,0.67577777778
1431575093559040081,0.26000000000
46152053,0.04877619048
62390059,0.72000000000
49833225,0.51788888889
39345607,0.11600000000
1826981103059882705,0.98266666667
108322555,0.30297777778
1130601711536179833,0.61266666667
2009312503101020359,0.00000000000
1244480196720949251,0.30200000000
107084323,0.30666666667
1433081125824950901,0.79800000000
37017925,0.14066666667
25087363,0.75133333333
1472229099942710325,0.00010256410
1127792101840311319,0.19955555556
57728481,0.00133333333
1607149618752594489,0.74266666667
97424005,0.01200000000
1362460373625061663,0.49662222222
1826988210768403021,0.33955555556
1950814321265682087,0.28626666667
2017409398466135421,0.54033333333
1103423764056670355,0.77676439394
65453959,0.58531481481
1314896932807523179,0.18333333333
54260725,0.94533333333
1804754132471234913,0.35424587814
1452629,0.01000000000
1678515883076905993,0.60000000000
11075241,0.91600000000
103100649,0.11047777778
1276017301020969979,0.75400000000
1644705722557309375,0.66133333333
69296279,0.18244444444
1919142675350267183,0.45533333333
1764116811647801539,0.74066666667
1760999442623263107,0.01866666667
1994307432693742917,0.34933333333
1820148057141311639,0.92666666667
1848371498246524417,0.57700000000
1401513763144246165,0.73233333333
1682941692450952335,0.97200000000
84791067,0.00066666667
1634595618098630289,0.00000000000
1859514550026115867,0.10609523810
8486495,0.78177777778
108170387,0.25800000000
1439169571582414513,0.13443333333
97728009,0.72533333333
1176455666015273951,0.89866666667
1454545453394477063,0.93426031746
1525612018898375783,0.80466666667
1280068285920955173,0.08296986532
95782597,0.94866666667
70841483,0.20990000000
1571039615644184481,0.49920000000
40152275,0.98866666667
1176900642822020333,0.38666666667
96932625,0.76533333333
104416051,0.74733333333
52857413,0.07800000000
100538121,0.81200000000
12976169,0.26933333333
1469425010680190743,0.88000000000
106940389,0.00000000000
41301027,0.92533333333
2039447062699252037,0.12194444444
93283183,0.47866666667
71460137,0.90400000000
1658054956322253759,0.33216666667
38493769,0.42866666667
105774445,0.84400000000
1912010027570137611,0.63533333333
1958234375582392951,0.43633333333
1429285749922707153,0.29038571429
1363616587357372241,0.53533333333
1510313051113221365,0.00000000000
108169349,0.35933333333
1090026504924117115,0.74777777778
86973071,0.00000000000
1134781700827923713,0.90066666667
1242472631306949305,0.71933333333
2052059846156494593,0.48133333333
97810903,0.77733333333
1433075781802532567,0.09466666667
1233108543213007853,0.00000000000
1704563714061584155,0.57452870370
51024331,0.92066666667
1400125850851960301,0.00085256410
91624953,0.49122222222
73105283,0.00683333333
43392805,0.20400000000
1967875656212880261,0.65533333333
1602623734975011019,0.00000000000
1316348086013616261,0.61144444444
106136649,0.00000000000
1864990256028146391,0.80133333333
10371457,0.63770000000
105448469,0.55733333333
1172992081824080721,0.15200000000
1907012814811042827,0.00666666667
1826980561628277397,0.70083333333
1530757798639659367,0.57266666667
31516989,0.22722222222
1125794795583927271,0.12928553114
1298247088643907481,0.11657777778
1967671139469342675,0.08900000000
83512613,0.34216666667
1178047417873673639,0.76333333333
1594733337613384095,0.23866666667
68086037,0.35884444444
1252634549489497437,0.44006410256
1905609884283576149,0.46333333333
1238882018639868423,0.72466666667
49730621,0.38000000000
87001197,0.64466666667
85841509,0.06400000000
1665539629133480377,0.06000000000
1199710237607637507,0.67466666667
105922771,0.26248787879
72472695,0.15977777778
64096421,0.09166666667
26154517,0.26350000000
50467473,0.43427777778
98511783,0.71000000000
2091489142384233619,0.71933333333
51617543,0.45133333333
1916353781075383371,0.62400000000
83070859,0.03833333333
88270037,0.37742857143
81238775,0.84600000000
71853421,0.14816666667
6535681,0.78600000000
1699889519683961439,0.15770000000
1904729557225013485,0.89866666667
73885359,0.87488888889
1950804666508339515,0.26711111111
2087494419924529979,0.88266666667
1495404667999434031,0.00133333333
1206056536415550019,0.00000000000
77818157,0.29384444444
28394973,0.15133333333
45504419,0.69600000000
1646210434526934925,0.51600000000
99177149,0.84066666667
1623074540934027453,0.00066666667
1888196858428733887,0.38055555556
104224547,0.00533333333
1260973064804361213,0.56400000000
30022175,0.36600000000
1865089516698372639,0.61466666667
1708741821018501081,0.00066666667
1940729760305372743,0.36865540195
1936639542735164759,0.86333333333
108220865,0.69066666667
54979467,0.13400000000
108682693,0.19622222222
1513123032818693827,0.18900000000
75732197,0.16899444444
1656745226291931663,0.18688888889
13057811,0.69866666667
87797679,0.05900746965
80121467,0.89733333333
103563395,0.95666666667
99265943,0.91733333333
102425345,0.06200000000
96269989,0.89333333333
74742205,0.69933333333
1562372128068226739,0.19081190476
13794033,0.12666666667
1185630042611904791,0.58866666667
1234501067863486097,0.02288888889
55780503,0.84666666667
1341920355505317163,0.33166666667
78151189,0.86000000000
36690007,0.80700733928
106990845,0.36466666667
2079724799247724073,0.49733333333
1681363023685173139,0.09722962963
83677387,0.92066666667
1565353662408671265,0.14631178451
1253309829322708427,0.38800000000
1361654488723627453,0.40650000000
39888151,0.30600000000
1302868906395052187,0.58666666667
1460984955006428351,0.82666666667
84071265,0.02933333333
83137141,0.95333333333
76261545,0.22511111111
45196501,0.16536666667
1817540016329032355,0.85000000000
88227111,0.94366666667
1614467343059318223,0.95466666667
78218225,0.14333333333
62604919,0.00000000000
1134750871048353599,0.04374444444
49263543,0.43000000000
1284424294468866547,0.07933333333
35665413,0.00146666667
2093511198368652361,0.82200000000
71156079,0.58700000000
1692644217480547283,0.51600000000
52469021,0.04600000000
6617265,0.14877777778
73771045,0.34644444444
79011263,0.83711111111
36154285,0.66866666667
102482163,0.00133333333
90970503,0.48953333333
100564845,0.55685714286
106046683,0.65466666667
95495337,0.40600000000
1259502626944307507,0.20045634921
1097212617046957195,0.27832539683
1297524440194459013,0.22250000000
1503568140013690919,0.86066666667
1882462388859604635,0.02800000000
43105947,0.37600000000
66305069,0.93492698413
75885199,0.00000000000
1631146581389881169,0.35250000000
2088725127048962743,0.20150000000
1132304273896196405,0.43283333333
1347979299849490855,0.54733333333
108192859,0.86933333333
1231700111621129591,0.63600000000
1932183388833105109,0.39733333333
53511823,0.24022222222
1183081482818656135,0.64600000000
20201371,0.00816666667
12130513,0.90400000000
11075243,0.12833333333
2072615092200259499,0.46924444444
1493236316013063113,0.12608888889
65337407,0.15839477124
80982159,0.54432592593
1808752900330771591,0.07533333333
1335897915368142231,0.00000000000
2083988240695140815,0.00000000000
96027459,0.41000000000
1821735927424694983,0.05448484848
1926663105946887225,0.28600000000
1346577095029030445,0.42638888889
106986115,0.23200000000
92982699,0.31905773420
88252547,0.33666666667
72125915,0.00133333333
2029081677958236345,0.94333333333
1601552845891516303,0.37883333333
1229305640895041447,0.82481615171
1646087572084860147,0.00266666667
1944083760363120747,0.04713333333
107260207,0.15977777778
1818737286404029865,0.76933333333
1489766325281258039,0.24333333333
91728539,0.00200000000
1481233856607263653,0.15666060606
1660081316743889517,0.05644444444
1371290694950450725,0.83066666667
1936503130485927613,0.05266984127
87753953,0.05350101010
1345222612885051655,0.36266666667
21994327,0.37800000000
92164499,0.30600000000
1886701377074096705,0.57333333333
1610611067720780075,0.59166666667
34139971,0.89476199573
1124388664021043473,0.00000000000
1773350136258005249,0.00000000000
1687043767510622945,0.00066666667
106454925,0.85983333333
1460591242740294309,0.00000000000
4645,0.50266666667
44779413,0.04666666667
1697647009129507877,0.00000000000
1966292452008987197,0.51288888889
104718183,0.24333333333
1846611425070546039,0.26360000000
1806947079231610435,0.48733333333
1105700568070656885,0.11000000000
106958571,0.42608986014
1810124289920478609,0.00066666667
1400438441695808515,0.48133333333
1453034034418414269,0.30866666667
1686806932121258069,0.00066666667
44796313,0.00533333333
102056805,0.29333333333
1586988116917490601,0.70392592593
1825938334320500813,0.62800000000
96397475,0.94266666667
1347906511077392867,0.02466666667
83772309,0.02933333333
1310206153023479653,0.23622857143
76199007,0.65188888889
1653818822174779723,0.39053333333
1742590336061294639,0.47866666667
1391127349479789171,0.09072222222
92590205,0.76444444444
1429217929224959503,0.80083333333
4207849,0.26066666667
38849497,0.70066666667
13986719,0.00000000000
102235993,0.95600000000
1299949887830317355,0.12333333333
1949457366368937135,0.43666666667
54260325,0.19525925926
1798584033815182731,0.62866666667
46976797,0.14666666667
96559731,0.86000000000
1937597304880142937,0.44009642857
97259965,0.06355555556
1333747683741356407,0.59822222222
1480809106739180107,0.42833333333
108232747,0.30766666667
25368203,0.00733333333
59855329,0.29466666667
107182559,0.07362222222
77350633,0.16733333333
1298930946784068891,0.22800000000
1342484516129447849,0.91533333333
100063681,0.93292698413
51573831,0.78800000000
1624995503481597305,0.00000000000
108676055,0.16488888889
1522143044846137527,0.84800000000
1129370858328648093,0.92066666667
1885441348916553679,0.61677142857
27945789,0.26466666667
414313,0.34400000000
77493709,0.38733333333
1896771066133209763,0.00066666667
46245061,0.90533333333
32105435,0.00133333333
1999980506270840857,0.09066666667
98483501,0.00000000000
1656748258720625557,0.21887222222
2042653793154846559,0.84133333333
86716495,0.00000000000
102926985,0.61722222222
1778585820019700853,0.97533333333
101741501,0.01200000000
1184122832602455429,0.93844444444
1885653108750182563,0.26533333333
2050455354704860721,0.35933333333
84151971,0.44522222222
1505691162368442513,0.49631111111
42504947,0.59400000000
1911347263835712417,0.00000000000
91905081,0.10866666667
1272551364024264835,0.34131481481
1858191654759217605,0.32600000000
98901009,0.34433333333
15812559,0.91333333333
2071718681821312443,0.51750000000
1191896587023322455,0.09200000000
53784219,0.56266666667
1893124449256688197,0.10800000000
59213453,0.45800000000
2017495986529931423,0.82000000000
22291157,0.57400000000
25913219,0.58066666667
100425337,0.00000000000
1355029361799109791,0.29565238095
1494010082676489173,0.15555555556
1898396969515567737,0.36100000000
1934997553808375483,0.24366666667
61997153,0.12725396825
1489217179236542905,0.00866666667
37836045,0.00066666667
1303451788420128907,0.04965079365
106868543,0.17211111111
47180403,0.31266666667
1489778358906376713,0.69933333333
1817953679541836963,0.36922222222
83493255,0.57755555556
61438047,0.55733333333
1764966899618716371,0.79600000000
66983543,0.54333333333
1987316641787806573,0.13777777778
71854015,0.00000000000
36929237,0.68133333333
1101703133669829089,0.55733333333
99159467,0.46391666667
78035363,0.45666666667
77958585,0.20811111111
2052443263773288391,0.01700000000
54339277,0.07913015873
64297797,0.93266666667
108154205,0.00000000000
90989123,0.44840476190
76183077,0.80133333333
82962203,0.68816666667
1143429306007165951,0.34033333333
92825407,0.11026666667
1434118248780589601,0.73333333333
69562243,0.27077777778
1911260858574320205,0.19033333333
41637521,0.92200000000
1598969878674607455,0.43800000000
71363461,0.36352828283
1282958269481184701,0.30666666667
80700413,0.01866666667
1220416933656763797,0.76533333333
1153311069651171035,0.00000000000
2054068201080213475,0.81266666667
59761587,0.20477471140
2001277199250345571,0.98066666667
84790987,0.44393906649
1197279524710075159,0.00266666667
1313108665444336723,0.00066666667
90608351,0.37355555556
99466097,0.31377301587
50912163,0.67483333333
2050452682241498703,0.00066666667
1835432384932764259,0.65966666667
28143629,0.50400000000
100608847,0.23066666667
68607071,0.00533333333
97614267,0.05333333333
51349705,0.41016111111
49387641,0.43391111111
1393008697226654635,0.67733333333
42105873,0.89733333333
1998429000824589885,0.87766666667
22415547,0.54725925926
1772433556048777857,0.08725000000
1250199946453947895,0.74533333333
100342047,0.25067878788
17405579,0.00000000000
1371345645128514311,0.71500000000
1889908297082652041,0.58755555556
1896899535368264711,0.96600000000
36603049,0.26079743590
1439540298343102033,0.95075804745
1523134715571229627,0.76000000000
1810122136637027991,0.53066666667
7958647,0.96400000000
1410477776701279221,0.71779764310
78445851,0.74333333333
10462799,0.27250000000
41006393,0.25216666667
1451971214112724077,0.73977777778
2031959485794023189,0.47400000000
2068382616693363369,0.45088888889
22293505,0.86300000000
1375269730287963643,0.26753333333
1988245422015651441,0.27126666667
60243813,0.63600000000
1255873848848869861,0.49366666667
99618791,0.36733333333
1144719658755775077,0.68966666667
1315989788180733951,0.51833333333
1985541611159066581,0.90800000000
83828483,0.94266666667
1959002734443037029,0.13629259259
64081193,0.65900000000
99377771,0.65933333333
2063367850953973765,0.28866666667
98451835,0.00000000000
1268761731183906325,0.25983333333
42429219,0.36983333333
1259810575232462537,0.00008333333
2093186490784433247,0.17333333333
1777454142987613463,0.13292222222
98348323,0.69866666667
1519811514615368925,0.71800000000
1775314750308592907,0.45933333333
1792024540892434209,0.06133333333
1436467752711365519,0.07766666667
1897097301165605151,0.13403888889
1543720125155795371,0.90133333333
2050457028954266719,0.00000000000
1252575408396774163,0.11000000000
1178070410950452937,0.32622222222
94665579,0.54066666667
6137451,0.00066666667
1898274465914311003,0.90933333333
1423670903554626595,0.26066666667
67053967,0.66533333333
12849739,0.84000000000
106656067,0.02450000000
2056386515059385517,0.60633333333
1311219452610296417,0.92066666667
86060707,0.11733333333
41085915,0.03066666667
1560845347457453431,0.07777777778
104565785,0.01733333333
2068387306726855709,0.91600000000
1463514392267401249,0.77333333333
1159212517812276971,0.31155555556
41519219,0.20335508870
1984180202454617105,0.60266666667
1288608557029017649,0.10033333333
1381170861738000915,0.79933333333
74652701,0.44807070707
1817397029662378163,0.22317965368
1501271452442630689,0.20162962963
12115693,0.27133333333
106578963,0.00000000000
101547165,0.28544444444
1677685681081769721,0.77000000000
1658087338309724413,0.00257142857
73609805,0.74533333333
1679793077686756817,0.00000000000
1865097404095797737,0.95333333333
81501089,0.97133333333
104105949,0.60266666667
98032905,0.14566984127
15124491,0.12866666667
1623826971808250963,0.49000000000
97107215,0.50066666667
105532239,0.78155555556
31900897,0.77333333333
1337453454510491453,0.23133333333
31915423,0.92577777778
1289758363572502159,0.17388888889
31000295,0.00200000000
85941941,0.00000000000
58315359,0.22400000000
1852219768264656505,0.52533333333
1628397032353062697,0.69533333333
1292393391745136683,0.62173333333
1653595830739142907,0.63106666667
1684622195790738839,0.79466666667
1231715945756646469,0.68966666667
53795121,0.91333333333
37044787,0.95328202473
97971031,0.14201111111
2082676941875436679,0.21385185185
39460143,0.27006031746
20561835,0.44377777778
1443089945284816371,0.00200000000
2000324473405421123,0.82600000000
86997185,0.30666666667
1699801474017298433,0.55066666667
10812311,0.00000000000
1143597323348200859,0.00066666667
107032229,0.53500000000
1750938016433923661,0.06200000000
96360153,0.00000000000
2061117756051828481,0.53133333333
1978697412385956815,0.00066666667
67996119,0.07109797980
1212873000960394525,0.00066666667
1298741460062265139,0.32151111111
58560147,0.89733333333
2000142855264765069,0.64200000000
1502859005175592445,0.91600000000
86110553,0.21077777778
51791279,0.62779153439
97127107,0.41922222222
1517644916462342043,0.89200000000
3518655,0.43344444444
1330598571825730191,0.24933333333
107652261,0.30436402116
1679385611383072803,0.30688888889
104491945,0.14977777778
83236363,0.88133333333
2081953211050906623,0.01000000000
1411828981648886721,0.93933333333
1251013763614888107,0.43266666667
1821863987467776849,0.53333333333
1682940193371797115,0.87133333333
5664629,0.54266666667
1233364061935896681,0.28983333333
57225729,0.49466666667
101586075,0.11133333333
1675273089627037261,0.08277777778
1810105661555349829,0.18634587814
1292773250460304669,0.50733333333
2009234462537414917,0.83200000000
1331391322845522011,0.92687167118
1357652847669340937,0.00000000000
1245211671981540619,0.87200000000
54621237,0.17466666667
1177705262780148623,0.89400000000
1675308002404668025,0.08847101449
43103415,0.91466666667
1754883707428777393,0.29649879227
96584199,0.14200000000
1940590852875760125,0.97800000000
54202313,0.69333333333
1239448718874507787,0.81733333333
1923640156581288271,0.61400000000
1939512948758666567,0.50218780664
107013529,0.27066666667
81559983,0.56400000000
1393854244310093351,0.45666666667
1491805058883631721,0.64866666667
1545486737507989673,0.88244444444
66370109,0.00133333333
42315349,0.82166666667
1490982674192309359,0.00000000000
1872480678059847149,0.53000000000
38000463,0.35973333333
2030812265632030353,0.25466666667
57022681,0.27600000000
1442329687322469617,0.52547777778
1778726584437707107,0.58133333333
1321413911329500497,0.21955555556
143737,0.31122222222
1768164596536721217,0.08416666667
1736150487948964159,0.94400000000
2080188690822811787,0.23466666667
1936431272114783255,0.07000000000
81694839,0.07700000000
1950077162292575189,0.49400000000
1233120546626967163,0.32900000000
47366911,0.70066666667
77952213,0.25800000000
1755478943459825361,0.49266666667
1847581658002974047,0.60466666667
1812197147953741371,0.00000000000
1957073695758531299,0.83400000000
1382002426783939931,0.76333333333
1886809730149599101,0.80200000000
2050455457009075735,0.22037777778
79595281,0.00000000000
91453203,0.04116666667
106832681,0.22003703704
99506705,0.62266666667
88945245,0.80933333333
96495655,0.48733333333
100207395,0.27072698413
45893057,0.87283333333
83417495,0.09479523810
102134227,0.94955421087
20508849,0.76400000000
1845297533963166697,0.29733333333
66309023,0.26383333333
61375555,0.50016666667
55169047,0.25495238095
43759083,0.22530555556
1810127410911002711,0.09328366013
1994753343800640415,0.81533333333
1103779991464931135,0.74800000000
1679738251485212147,0.25555555556
88233841,0.18678265399
1570859772952224189,0.56666666667
1485203788456303455,0.68533333333
19357887,0.61722222222
107168083,0.53600000000
2080586588140010271,0.00133333333
61637539,0.24766666667
1334673958096925115,0.30733333333
34197819,0.21357222222
99031525,0.17777777778
49789207,0.61866666667
100148573,0.05993783069
2050455046402705907,0.08233333333
85015911,0.21866666667
1282930241743758537,0.78933333333
1926138493203869855,0.56134722222
47701421,0.86000000000
53549411,0.91333333333
108026947,0.00000000000
2056471776195454081,0.09333333333
106367849,0.81066666667
1421666313575302077,0.34938333333
1758561365333387601,0.48466666667
39108307,0.78575555556
85591241,0.35933333333
98970203,0.40666666667
2072778388402258481,0.03275000000
1408225895877220541,0.18371693122
1966785704406274643,0.30000000000
24140321,0.58533333333
2047814274164716757,0.70933333333
2033696365650256707,0.61644444444
1536035597865691735,0.00000000000
1239527155186894417,0.98866666667
31337929,0.39241666667
73387127,0.09866666667
60177681,0.24361904762
49893903,0.25857407407
1908462591781443215,0.33600000000
1556793723226392707,0.23600000000
1316936702688383325,0.04833333333
13448587,0.13700000000
1816136096794378537,0.04400000000
1364126694756230505,0.78800427350
1489963341339741783,0.30333333333
1910381268930602223,0.83600000000
1820517978568682861,0.02200000000
67798461,0.84866666667
1359525835195653755,0.34163809524
1994250095506423357,0.00000000000
1202583855532138087,0.83933333333
76437127,0.78333333333
75730933,0.80866666667
93837505,0.52933333333
1932151,0.00608333333
1433080001302005677,0.58514285714
1449121535290755349,0.00000000000
2017075089485442899,0.51083333333
1545522976321017899,0.33011111111
2068002206758252939,0.09546666667
26591391,0.96600000000
52592385,0.47805555556
100040195,0.40088888889
108504475,0.10566666667
97734141,0.92800000000
107024667,0.07933333333
65338441,0.01083333333
1795349701463932357,0.77703650794
1757843106255795951,0.61622222222
50382879,0.24066666667
2040230431730400563,0.19640000000
103038729,0.75666666667
2089816249374148191,0.15387142857
102778441,0.56255555556
100276025,0.90266666667
107368877,0.28543809524
1382637258783881397,0.06800000000
73388423,0.81066666667
83241421,0.96901706349
105334541,0.27466666667
76133685,0.00000000000
73206635,0.32916666667
55925361,0.32244444444
1850105971829400467,0.91533333333
66818139,0.90400000000
1696653565773051815,0.91200000000
1218955765373650583,0.88916666667
67881673,0.38000000000
82483369,0.88866666667
91060847,0.79133333333
90907247,0.92466666667
102930761,0.32066666667
1327339149276370187,0.79800000000
106991111,0.11733333333
1489871297897739463,0.02666666667
1329143526650161219,0.76200000000
1416325124434122875,0.70266666667
1897096235918039599,0.58733333333
48821791,0.00000000000
58742667,0.57333333333
40839791,0.17133333333
1497505834836747147,0.95266666667
30645161,0.09156461251
1488635503290278099,0.91666666667
1269225352655086821,0.90400000000
98553137,0.07866666667
2007227946063551613,0.24487619048
1358057914552437811,0.70400000000
17837809,0.92200000000
1596070876868797553,0.16533333333
1793245096848894365,0.87733333333
95926215,0.28733333333
1537358914303401013,0.44963030303
92107797,0.27822222222
1871165119840338999,0.07444444444
1440838363122347941,0.71200000000
1550982771722971489,0.02133333333
91298301,0.43133333333
103483699,0.82100000000
1665758725485286823,0.23066666667
108769117,0.17150000000
2000416426777918779,0.75266666667
92803847,0.14881481481
1517814675441180079,0.59333333333
1198709862504009669,0.03933333333
16363073,0.00000000000
1911351389321389311,0.15996835017
106846635,0.31600000000
103880713,0.23555555556
1234513108696566043,0.55100000000
52443559,0.55355555556
107886043,0.72200000000
17540641,0.88400000000
1990153063987806173,0.62975978836
1252207135011546471,0.62950000000
41512737,0.85733333333
2081879954833432343,0.65333333333
1802881148610222281,0.53866666667
1780223336922391061,0.00000000000
25072431,0.96800000000
97878293,0.83133333333
37273201,0.95133333333
1924847501330527301,0.00466666667
2029371532237852467,0.74533333333
1199706081666786187,0.62066666667
1688399799580921983,0.19600000000
1656446386863765541,0.27733333333
70806183,0.84200000000
2005711045880422093,0.10838888889
40470257,0.04944545455
49832955,0.28333333333
1701279789421239357,0.70733333333
1717406472266476933,0.12400000000
1707223339010588843,0.79400000000
1846578474648644931,0.02800000000
1375401541524944753,0.00733333333
17126885,0.38933333333
1814881304312169953,0.24711111111
1826485505864962285,0.13066666667
12773159,0.99295925926
1400280869309697669,0.96400000000
100293581,0.41311111111
2068393873157536359,0.23533333333
1316873514679433263,0.00066666667
108313155,0.00000000000
107038433,0.01066666667
38037721,0.26696363636
1499668943328603889,0.92400000000
1704261003678388891,0.52022222222
2091788631775431449,0.38488888889
1777757144571400029,0.86533333333
1967884010925359891,0.33466666667
103102689,0.81866666667
1753801965568822709,0.73400000000
100498637,0.77733333333
50383441,0.92266666667
1444900723347673967,0.12693626744
1615750298446876501,0.00000000000
75443849,0.92266666667
1091696527516985531,0.89695925926
1098222430890382137,0.96400000000
1635293268473125679,0.42700000000
1286564946548226057,0.67900000000
45175921,0.22731111111
1890994415146364805,0.27600000000
1806162411273271887,0.22281481481
27242361,0.97266666667
1474009080427944327,0.45723076923
89267093,0.32966666667
1250870268000568103,0.14266666667
108786435,0.76200000000
94655489,0.07400000000
1472109561991440105,0.54466666667
73206785,0.21677777778
1893897591738198357,0.42266666667
1888440112997971267,0.70222222222
1486815775102458991,0.00133333333
1865103133325925729,0.03973333333
1271375717611862891,0.87400000000
106323671,0.56577777778
1201344673151738123,0.81666666667
1382632546437463077,0.35133333333
2081128161702166633,0.84333333333
108132707,0.16333333333
52276063,0.31800000000
42973503,0.21083333333
1957145680782156069,0.87133333333
23342253,0.26800000000
76985517,0.20388888889
102470371,0.75600000000
17779031,0.16041336441
42527519,0.88066666667
1975803744889283463,0.30735793651
1938319033223031941,0.08853589744
1960817115311230773,0.81000000000
99136013,0.13000000000
99465227,0.97400000000
82910913,0.70166666667
81349065,0.47233333333
91462775,0.43822222222
49345641,0.00691666667
1814951997949531981,0.04333333333
2052070150962662931,0.11506666667
1794198674251965093,0.30200000000
1711356045027995559,0.91533333333
92270281,0.15600000000
65869441,0.42266666667
10410631,0.88800000000
1808837957542233977,0.65333333333
1645038312349202855,0.84000000000
58106163,0.00200000000
36548195,0.00000000000
107901699,0.59066666667
1252561648823006563,0.76666666667
62177809,0.22000000000
68364339,0.86600000000
58785393,0.97466666667
1728937785079403733,0.28566666667
88085161,0.31300000000
1798741259976834087,0.95033333333
1531433106428071771,0.05183333333
98348419,0.82730370370
2050452797842762599,0.31933333333
2065438798107788827,0.60533333333
91735291,0.29133333333
1958309811068983873,0.91800000000
1810123308404540145,0.96400000000
1623197919524034713,0.07955555556
20262079,0.04466666667
1865430765635858559,0.21877777778
1905559352769439001,0.89400000000
81463619,0.29866666667
2020515382218549989,0.01266666667
1233163964265534019,0.57866666667
54127215,0.79666666667
41202151,0.62508333333
79114521,0.83505555556
81442277,0.39522222222
1763002469514877925,0.84200000000
98312327,0.86000000000
74566967,0.40200000000
33513989,0.26833333333
34767823,0.39266666667
92759253,0.86400000000
1384088910420188117,0.94700000000
30445031,0.01533333333
2021252401904333967,0.39000000000
1313074406072867497,0.91800000000
1883932918534397793,0.49162962963
1999148593686959565,0.50433333333
91758241,0.67433333333
39969401,0.23197777778
40105947,0.88666666667
35912627,0.63694444444
1279840737813201351,0.00066666667
1756632168985715115,0.45876190476
2052661542059280675,0.03724949495
58743501,0.80242500000
83015377,0.48733333333
1523118275670123157,0.14017254902
102540909,0.98615022596
30228777,0.60333333333
1116166370423962123,0.50333333333
1967856675471217413,0.15133333333
1404331738800118163,0.10889682540
43051773,0.12302592593
96481925,0.11700000000
71146281,0.96333333333
53571695,0.45258333333
104806741,0.98200000000
1521412052916265279,0.24000000000
5038761,0.41866666667
13031211,0.26148412698
106320657,0.41186666667
1997200901845629613,0.41440000000
1937606676456570969,0.00000000000
2079773154867597905,0.13511111111
99159453,0.10546666667
105687241,0.07663131313
1865201177571420013,0.04666666667
2079078054660940037,0.78304702182
1800055503572076237,0.67666666667
2082540456684977913,0.12741666667
2010187760698557565,0.20200000000
1431962576652131601,0.42333333333
44135061,0.00085256410
1546429822325293535,0.09800000000
1725838385997506369,0.55711111111
1674259515073129691,0.64466666667
57607025,0.60600000000
1927689185877020775,0.00000000000
1092714185526347767,0.25755555556
108387631,0.56200000000
3878811,0.31438888889
1653938237874498363,0.28800000000
78526183,0.60333333333
98720809,0.92866666667
34443441,0.55000000000
92181493,0.11066666667
34151647,0.60498095238
1521970520674726001,0.00000000000
108788499,0.20600000000
2011687639689052915,0.80850590151
1687653331626719611,0.92533333333
1645439320919101025,0.83666666667
79694711,0.17133333333
1180168700560288135,0.26178518519
1333447110590532411,0.15933333333
1679881391029924909,0.68866666667
98346837,0.55860000000
1999834024058228263,0.27266666667
99435627,0.09000000000
1229138501771440935,0.20733333333
78255457,0.91333333333
80816099,0.57200000000
17129321,0.26261111111
97483071,0.11266666667
72351209,0.82333333333
1097251596751946881,0.78833333333
1347820416881449881,0.20400000000
1962759801382429779,0.86066666667
10566447,0.86733333333
1704648883580217603,0.39220000000
2027933414653089053,0.01133333333
61818863,0.16000000000
97625259,0.34566666667
102118161,0.94866666667
2084581827196505221,0.25233791209
54675783,0.33533333333
93968529,0.33466666667
95761121,0.48522222222
98959323,0.11266666667
79019359,0.59533333333
33646435,0.51666666667
1314900878256801351,0.33133333333
36182265,0.12360000000
1506068910045539567,0.46366666667
77413261,0.47633333333
98452365,0.09533333333
44529101,0.79666666667
90657587,0.14066666667
39904057,0.31400000000
1211407459607573655,0.31950000000
1645307702025859215,0.94600000000
87636699,0.06311111111
1189544291301541257,0.11522222222
65278895,0.06800000000
76970449,0.56855555556
1728795548114849905,0.04946666667
35028081,0.01986060606
1510101755384862689,0.71400000000
68549641,0.08793333333
77811523,0.45666666667
1130441682326060833,0.98466666667
1537256657495951685,0.14933333333
1803171977440013377,0.57761230159
91980925,0.38878181818
1125790159095803593,0.08266666667
19987569,0.79200000000
1998480685197672299,0.62466666667
1229262968700873015,0.00000000000
1810109303733847247,0.11966666667
2050453320128628245,0.07866666667
1945378168403386423,0.04046666667
1592931530570255615,0.36400000000
96642155,0.76800000000
1817491522373576625,0.65466666667
1794798940225312641,0.64000000000
95653655,0.42800000000
98500121,0.84280764791
96686793,0.00066666667
1382644096211799825,0.04333333333
100024629,0.74522222222
35275955,0.47533333333
37956251,0.00800000000
108299563,0.50644444444
5687961,0.93533333333
1542634194829394485,0.08866666667
1717213176517865387,0.49133333333
72530203,0.49000000000
1368328397067871271,0.18809032258
1257978856759302907,0.24918888889
1379065224103092379,0.00000000000
81767267,0.93400000000
59754045,0.90000000000
27312513,0.49977777778
106149265,0.13419047619
1910344219318188397,0.07200000000
2010424390079311089,0.27600000000
2045159041683609755,0.21157575758
74669049,0.23861111111
69370531,0.72066666667
53922423,0.65000000000
1751165601000626787,0.85600000000
1975749970321602869,0.50333333333
93450041,0.22800000000
1760581918801751761,0.00000000000
2371375,0.03200000000
1572596728621408515,0.62566666667
1376911961621078641,0.88333333333
1994716780182575237,0.79866666667
100577213,0.54975158730
2039823230530224029,0.11568888889
1818226849970241293,0.91100000000
1363537105470546635,0.78266666667
100583473,0.62866666667
107766901,0.21466666667
1594353338894302603,0.79400000000
1632022538500177095,0.43429032258
1098216498476836243,0.70600000000
108818063,0.70600000000
1440245426419492705,0.84533333333
1729055284118897723,0.71400000000
1435471604074481971,0.48300000000
107038109,0.06533333333
1888248376047731577,0.02000000000
1681770749117864217,0.00066666667
1140467305993429863,0.96000000000
5462281,0.80400000000
49769915,0.09233333333
1386561332896369315,0.00000000000
19273923,0.84800000000
1859680476605353983,0.32677777778
1879591633245045847,0.63926190476
1868364309265865127,0.49722222222
64935091,0.62200000000
100280687,0.17853333333
1583145256500180573,0.38977777778
77500101,0.82333333333
1824380671048498999,0.87800000000
2037872597987469639,0.63366666667
1929104005671031457,0.12300000000
1986785186590698533,0.43833333333
1416267347694518595,0.91733333333
1150363337612944835,0.00000000000
73454269,0.07066666667
85486187,0.28506666667
36448293,0.93733333333
66142389,0.34044444444
1920359863257944265,0.98533333333
14254323,0.52466666667
2054307409555682257,0.46022222222
1328933031147619003,0.87466666667
96788119,0.21048051948
2007377934724558269,0.59000000000
46246193,0.50866666667
35813529,0.91466666667
102718187,0.92618026967
1494743204477059403,0.08588888889
1308815283694540193,0.29955555556
21767,0.00000000000
1448134904508140339,0.96733333333
1531716540583948113,0.12756666667
1694600170424844243,0.98733333333
39518249,0.00133333333
1994027265414962893,0.20933333333
1377951560204020047,0.21450000000
1433237969636485539,0.37633333333
17471685,0.23110793651
1575646775606882971,0.26531111111
1260396168141458757,0.47533333333
63252691,0.36333333333
79974825,0.00466666667
1316946069983828387,0.19333333333
1765304413782303013,0.46733333333
1762717241751953927,0.60422222222
32104919,0.47158941799
51111129,0.16416666667
1470711180569701351,0.64066666667
1746319316440984431,0.70000000000
1368957518841723941,0.06400000000
92982741,0.68214814815
1238176186771431719,0.95133333333
1471149829576738511,0.27533333333
1438953700351733619,0.80933333333
2023095345218112361,0.60600000000
1411182255145866875,0.44000000000
87534883,0.39432857143
1900091858339783955,0.24466666667
30324411,0.00533333333
1757165021894527101,0.98933333333
93768503,0.43177777778
82109167,0.13000000000
1865375637982505021,0.81600000000
1927709448581870459,0.97266666667
2027923430274835941,0.14266666667
67897557,0.86933333333
1906428004314313731,0.08977777778
82394077,0.00000000000
99886183,0.81348148148
95808925,0.00133333333
81368029,0.05266666667
1313049206702559695,0.06579259259
1900036578795680307,0.95533333333
1922145435772037039,0.70516666667
1570860335433538523,0.73325925926
1956396321351270485,0.03755555556
61860271,0.45366666667
41379447,0.95155421087
5129233,0.85066666667
1562319593083983309,0.54432801701
1236734507423346569,0.93688888889
98955275,0.07606060606
1798509945897296585,0.57600000000
1727321983685088617,0.01933333333
76458497,0.92933333333
1810127160434209361,0.73866666667
73664597,0.10533333333
105277133,0.00200000000
1809150270073211211,0.88733333333
1704220953022981649,0.09638888889
1800709441758043113,0.13333333333
68553155,0.95133333333
94105511,0.37733333333
1607505732365706055,0.35066666667
1927713805416940075,0.39066666667
1926054755090260721,0.65733333333
30432329,0.83266666667
27312185,0.23166666667
31909041,0.84400000000
1330472108362006783,0.38200000000
1207766609309727735,0.50000000000
41841903,0.09866666667
1556376229288877375,0.09133333333
7924021,0.75766666667
84194165,0.26429629630
98003029,0.48133333333
104239661,0.00000000000
2060351875696240043,0.90000000000
1410458615455104855,0.00133333333
2084539738527573867,0.72511111111
1799803868387839037,0.00133333333
1449308882308353105,0.09933333333
98895211,0.70533333333
1782849126216701235,0.50344444444
1458843783135360425,0.25914915825
1754608614691160827,0.00933333333
1823767188889259727,0.79400000000
106454959,0.00688888889
85133301,0.96600000000
1381381480727246867,0.23400000000
1242480693051631857,0.94600000000
2072420118404321893,0.62333333333
78118061,0.71400000000
1292887077737269109,0.00066666667
62712243,0.90717261905
1293114833095824647,0.75866666667
86298223,0.44266666667
1106384085319794903,0.73133333333
52648071,0.79633333333
1848364187796078163,0.13612698413
2050450764157215549,0.40340000000
18099605,0.65466666667
42220293,0.00141666667
68674953,0.11400000000
55566757,0.10466666667
79597757,0.49216666667
1299975939817864987,0.39235555556
58963125,0.34433333333
1155025381936890865,0.64066666667
1125791018197268721,0.27022784993
1636085031956982067,0.87133333333
52267853,0.55500000000
8914199,0.75600000000
1686057288972521209,0.75183333333
103679713,0.00000000000
1879769863894874491,0.16933333333
40529113,0.19166666667
1605773677809583379,0.91233333333
1971951790748516869,0.45866666667
98924787,0.31133333333
70461107,0.00000000000
1581767156760616803,0.18513333333
56811819,0.46066666667
1292773294164753159,0.37177777778
1924991642510723169,0.13933333333
2081448606536263075,0.00000000000
25743505,0.65350000000
1633528128410989489,0.13273333333
48680747,0.37355555556
1799141715717933883,0.51433333333
1986208020507322925,0.23377777778
99465605,0.95100000000
103455025,0.07466666667
28116763,0.01666666667
92665295,0.23833333333
55609695,0.66066666667
1607083063575637767,0.92333333333
1348433248904080903,0.99944309976
2005941710331701155,0.27705555556
44091789,0.07211111111
2088896111072973581,0.28562777778
1137521528196799321,0.73533333333
1751627604992528793,0.98866666667
2023599859950992193,0.87333333333
108154131,0.00800000000
1834794954083614475,0.42172222222
11867221,0.60122222222
88095269,0.84466666667
12748577,0.32829444444
1950683658156667925,0.44700000000
15299501,0.00733333333
71035407,0.07933333333
100208805,0.10466666667
28283599,0.09840000000
1124904569034675919,0.42768888889
90345747,0.20000000000
17486167,0.00000000000
84721927,0.08144949495
98037149,0.00285256410
103105201,0.32000000000
1788547268703925203,0.03885555556
55168749,0.06266666667
1707099695171682589,0.16300000000
1881285705003705795,0.26000000000
83823435,0.45030198413
67290373,0.24266666667
1903166050787074873,0.35666666667
41281017,0.18831111111
102384513,0.26888888889
89071497,0.04133333333
1675302547068528995,0.90400000000
31822081,0.92866666667
13472833,0.82722018722
69889599,0.87800000000
1337916777461611589,0.07466666667
94263083,0.17161904762
1423084991333779575,0.72000000000
2010049581562962477,0.74411111111
98502039,0.16366666667
1165669794826135339,0.82933333333
2081903986766271483,0.00800000000
1913887937597026351,0.30044444444
102469755,0.92066666667
2061112783516879909,0.09466666667
59410007,0.94900000000
2050450882603007773,0.40532962963
1664166813805308919,0.11861904762
90608783,0.60344444444
83760617,0.75800000000
90658477,0.02466666667
1185770315250247261,0.29247222222
65725793,0.67533333333
1879375056649393157,0.95800000000
414579,0.16966666667
1764425299388268703,0.09933333333
1810105456523954087,0.20966666667
1919425594656084449,0.24166666667
22411415,0.71941666667
1257711749104398409,0.44083333333
41725753,0.65850000000
1211346927449256907,0.88666666667
1562481223304739153,0.06237777778
78005093,0.01266666667
1521941233066000915,0.63316666667
96798783,0.14980370370
49889647,0.52250000000
1999062237049810539,0.53486666667
1839549582831986245,0.83733333333
1625177396427920165,0.00018589744
1408531353829681435,0.85800000000
42056123,0.20000000000
72473269,0.36313492063
1174289650866563203,0.27135555556
24077491,0.39866666667
34383791,0.44422222222
1402300142076950163,0.79266666667
85133233,0.28491666667
1300329302620065929,0.66866666667
1165883526900758329,0.91881481481
1611199677854913253,0.89266666667
58825967,0.00000000000
2091589094624656287,0.92600000000
1755514190923257627,0.22666666667
2091783281557778939,0.39366666667
1714708359947978265,0.32750000000
29549389,0.30234531025
42509193,0.22711111111
2078929295314034201,0.03400000000
1967862453702028587,0.89786666667
579255,0.86200000000
101616401,0.49733333333
91737717,0.72266666667
1993170593543400403,0.42800000000
91024051,0.85466666667
105572025,0.00000000000
1269464669032201709,0.45483333333
1801561305876020919,0.26533333333
1982170724252175597,0.00000000000
102581093,0.20600000000
108354207,0.08232727273
100164579,0.24100000000
78309145,0.49400000000
1604829221513751443,0.07164285714
1320835401870707747,0.61133333333
19177875,0.96800000000
1274326558619623477,0.17376507937
105784509,0.70333333333
1362680151562902677,0.79333333333
1479137506245080835,0.89788888889
1142278018918299069,0.43273809524
75825001,0.92066666667
1587487627577075353,0.00333333333
84362145,0.28883333333
59404075,0.39466666667
88171645,0.10533333333
100393677,0.39144444444
1463839400487833963,0.35831666667
1753425302582522849,0.23800000000
1832235502128124963,0.74200000000
1133883802924095389,0.20300000000
99255927,0.76666666667
1307732337830484793,0.70466666667
105753909,0.03946666667
91584567,0.46074126984
77287939,0.02533333333
77209479,0.15500000000
1658193863755740755,0.74348148148
1585485836020064315,0.00054085505
100354821,0.00351923077
1592447139799828853,0.27733333333
1878908863026201725,0.24200000000
99694055,0.87866666667
100230331,0.11333333333
1717161760051994777,0.44200000000
1529186282342520045,0.02805555556
49263329,0.20466666667
1886636694293338233,0.72200000000
83624347,0.20330264550
1474825624428782603,0.51283333333
78254771,0.91766666667
85133285,0.83800000000
97211999,0.06400000000
1895546398555790283,0.04433333333
1644790822754094053,0.53733333333
78678461,0.02811111111
1631876340053729129,0.40177777778
1710752406789670107,0.77840000000
1199715275001040775,0.33400000000
1513139427188625551,0.33016666667
2010872130736038647,0.60088888889
2080306463530131315,0.26422222222
77741409,0.92266666667
1309504737039248173,0.71124444444
1810109140692305975,0.75133333333
1749696710459318381,0.01323809524
105962483,0.14166666667
94108383,0.00000000000
106418305,0.16410000000
1725849207962120491,0.89866666667
1145060287240416911,0.32000000000
50138265,0.78400000000
1516144446661552913,0.84666666667
57622151,0.00000000000
86392989,0.93600000000
1395656426474096203,0.94600000000
1862847502648866103,0.13422222222
13707253,0.02005555556
60955487,0.07195555556
1846648569483078483,0.27116666667
42079121,0.54433333333
71538953,0.43200000000
1875051875710889371,0.50000000000
100669055,0.33566666667
95480165,0.39784545455
1330271893345639075,0.66577777778
105232291,0.94733333333
69548217,0.01177777778
62881211,0.40581481481
929039,0.06866666667
1417400512950706487,0.12400000000
2050453645088250297,0.66133333333
1825044027007072457,0.76200000000
61107597,0.46800000000
1238849297513280159,0.40844444444
97733311,0.78481481481
1611851704223484099,0.42933333333
45997897,0.12800000000
1764819705464656897,0.63600000000
2052097302386454761,0.39844629630
1391268465116720005,0.21600000000
107867557,0.28666666667
1669970057739985715,0.09600000000
1159905065360418447,0.25400000000
1660064965839776811,0.00922222222
1252589016972719147,0.49755555556
1287789393887567201,0.07096031746
1619244437105263319,0.75866666667
1987446956934170267,0.03200000000
31707235,0.16466666667
2048370039151556241,0.01666666667
1563799399883315209,0.05488888889
23804891,0.81600000000
1756417209619672607,0.15144444444
1626225601834708937,0.88266666667
1958514971940623165,0.82633333333
105773885,0.56200000000
1198540158318677357,0.75400000000
1308498003283886503,0.10019259259
1837566807745456969,0.56333333333
1896996710091515749,0.15706666667
108172915,0.11866666667
61169525,0.14494444444
93163457,0.91333333333
1622753812158834529,0.50266666667
1381359786628031171,0.62933333333
1919861533123305879,0.42800000000
1298732669208827827,0.95000000000
1617820576063827213,0.25311111111
1848280385319549039,0.68400000000
83188591,0.35533333333
1333844398861561473,0.80300000000
1767809536959996771,0.94000000000
1197295710045114163,0.08966666667
1193727879848269657,0.47533333333
2081130234999115139,0.47409523810
1622755415819700305,0.00000000000
90827893,0.87133333333
1840244981143555687,0.93933333333
88979975,0.34511111111
1959761,0.62133333333
1729252879810866019,0.96800000000
67498709,0.80733333333
2039141993708624059,0.42200000000
108154061,0.21333333333
1241584221773881995,0.90266666667
67885425,0.20333333333
30106465,0.01516666667
98871177,0.16933333333
1358015056914796893,0.00066666667
52634493,0.09200000000
2089871895021398607,0.13983333333
30998629,0.06733333333
1691260254052268509,0.13200000000
1327874127882914939,0.71466666667
1953507821393349909,0.57435555556
2064063782465111241,0.73733333333
108761083,0.30066666667
105655529,0.91333333333
87753307,0.89066666667
65981581,0.46983333333
33374637,0.67933333333
1860209376259002013,0.00111111111
1834400804275319437,0.18202222222
76269535,0.70066666667
1784647868464442253,0.37899032258
1678342562334157549,0.43060740741
1478295590728932587,0.76000000000
77823991,0.38622222222
1947099518711435393,0.37116666667
1932263685469633035,0.45688888889
1807182844199196553,0.53959259259
1313162854545392543,0.02800000000
10594181,0.86400000000
87305907,0.02400000000
98925139,0.83500000000
1272711534065379231,0.00000000000
1765589401988879259,0.60266666667
1672690292748252275,0.04511111111
50736129,0.88066666667
1826981163492320667,0.32733333333
1165719481574637799,0.37600000000
1830433761600963807,0.19908571429
96489727,0.15094444444
70531645,0.25466666667
1717467830057694957,0.49955555556
99820819,0.37833333333
105802943,0.95733333333
1608710141736285023,0.60700000000
95075445,0.28444444444
1959729,0.63786666667
84559649,0.94133333333
97915611,0.09333333333
1741894656314825797,0.97466666667
1947807273824877585,0.91666666667
44442317,0.94400000000
68230901,0.31466666667
73388567,0.25088888889
1349642777624924861,0.95333333333
10993195,0.64674285714
1646210131041181117,0.79933333333
1887181798489640029,0.71666666667
17487385,0.51800000000
17437703,0.84733333333
55598961,0.30200000000
1946004819628913411,0.92400000000
1814318566326595207,0.70044444444
1421685737840778047,0.19811111111
87612363,0.48477777778
1220871291292673583,0.47455555556
75666533,0.68600000000
75316645,0.14583333333
72369357,0.90700000000
1897173929035787767,0.38333333333
1652072143822244321,0.04855555556
88323175,0.92200000000
1975332551870375443,0.43531746032
90563709,0.00000000000
1369501927078424711,0.06300052910
33017515,0.68100000000
83512649,0.05150000000
1230110647110956039,0.92066666667
1570847864661829203,0.92133333333
102421907,0.10947727273
1970990954752742865,0.35600000000
100924605,0.32066666667
97653025,0.90533333333
1953829756925066573,0.71833333333
1424128329829000975,0.55066666667
1809236939135924223,0.11416666667
91009913,0.96400000000
1736951798957987021,0.38900000000
103266245,0.00800000000
1994118811972286315,0.83933333333
1231563788753911473,0.02600000000
91727897,0.39000000000
1491400042503305453,0.19000000000
15650493,0.38018181818
1896349888611048789,0.04884444444
82550147,0.32238888889
1918722653717184233,0.00066666667
1542204421794455773,0.97746532198
1342292259642575771,0.32355555556
1624832856093311473,0.98000000000
2073925380807463835,0.30577777778
15426581,0.00133333333
50752059,0.34866666667
1516189092230427569,0.28800000000
1237355323600838409,0.11600000000
24504747,0.52866666667
100148425,0.60133333333
104718279,0.91866666667
1734988457385352647,0.13400000000
1927679473065802789,0.82933333333
1941830476021306787,0.13266666667
1486981258733934711,0.80066666667
1093974319227149859,0.24181269841
78724513,0.93933333333
1444719936265263965,0.83629929732
1483161029093909431,0.82450000000
1384409629849372603,0.39866666667
2017832077764440689,0.50188888889
32884461,0.22711111111
1926045578624110119,0.00200000000
1906002674365263543,0.32844444444
88504765,0.28666666667
1244133199502389993,0.94933333333
1795662408181719735,0.00000000000
1128747992383176543,0.67009328878
1946244069969655095,0.24933333333
1479968863506884079,0.36377777778
83768737,0.71700000000
68423539,0.00000000000
1430858426365343175,0.19200000000
101531013,0.53377777778
94189343,0.01533333333
50359611,0.57000000000
1273615471759395559,0.92733333333
1489898646214573435,0.40066666667
1968046609908902555,0.17400000000
29641791,0.24790476190
13500213,0.26511111111
1238243664017510027,0.92666666667
1628912532341013565,0.58133333333
1825175254313870357,0.47266666667
107410603,0.65133333333
74106943,0.65800000000
1766589496700677157,0.40733333333
1274372284326200035,0.00000000000
1893302005813956615,0.18009629630
104782939,0.17416666667
100147893,0.36177777778
106703481,0.80200000000
97668541,0.01400000000
40639229,0.88933333333
57022365,0.21992592593
1325727235775982093,0.00733333333
48122727,0.87200000000
59478317,0.73911111111
1791210771316562683,0.19182222222
106940363,0.19191060606
88132015,0.04400000000
1732636859114681729,0.56600000000
1276965421670516183,0.35400000000
104232651,0.40800000000
1826978878388768357,0.15733333333
2056794076275629463,0.14866666667
1449288630292966639,0.50666666667
10252313,0.83200000000
1308788516643620693,0.36600000000
80847759,0.00016413547
624261,0.13600000000
60632153,0.23167777778
1754055899117754551,0.49400000000
67112369,0.33366666667
1590199721022715239,0.50122222222
1813413590103729423,0.74600000000
74651227,0.91733333333
1141002269604990769,0.00800000000
1259069699490353379,0.16155555556
31068625,0.00800000000
2004946858711196319,0.86733333333
1553317330889356429,0.12975030525
13103969,0.43164761905
2058735670235189693,0.42200000000
83583887,0.18068333333
1117138174247181057,0.80600000000
80701081,0.92666666667
105839115,0.00000000000
1616096450616384097,0.94933333333
1826983004603363651,0.08890476190
1681327791392083545,0.40733333333
50029949,0.29866666667
1867933015724204637,0.34550000000
2034873284314656719,0.28466666667
1284030885725476321,0.63933333333
1668309020196361743,0.00666666667
1665031828755745613,0.29036410256
4999069,0.00000000000
2092804982305158083,0.34000000000
39148641,0.54600000000
1352346695919572097,0.02422222222
1964159440543138851,0.58600000000
73593361,0.47533333333
88264643,0.88700000000
13537531,0.17247301587
86245283,0.02666666667
1855602853601418615,0.90276243386
1708445768395757751,0.77066666667
4596497,0.36400000000
53609545,0.92133333333
1198838585097983603,0.00000000000
49817563,0.00000000000
63024955,0.28495555556
1110083278732395191,0.10169847495
90927493,0.09955555556
82479007,0.94266666667
1597236382060102155,0.60200000000
2607975,0.84266666667
1421673086331393579,0.67666666667
1608680116020710321,0.34633333333
1246531275451464539,0.40822222222
2079772703781457019,0.00000000000
17718841,0.94733333333
96292307,0.90400000000
1231132290291397507,0.71533333333
90212045,0.95000000000
2033882420562979815,0.06533333333
1591707838107691691,0.12381666667
1120508988262966361,0.64933333333
96478039,0.20250000000
2027830131006994003,0.64711111111
78176799,0.00000000000
1973918197889088637,0.93044444444
1339155020337477885,0.24959523810
93882229,0.96266666667
1997420689342597027,0.29000000000
50111067,0.93266666667
89904281,0.00000000000
809461,0.00533333333
1633461336861473483,0.86600000000
1473909411706493037,0.05933333333
26686927,0.07333333333
42781261,0.92866666667
58102107,0.12466666667
42501823,0.00400000000
56985981,0.57651111111
1979834842919013559,0.00000000000
103483607,0.04025396825
1226137202677773125,0.03666666667
78639211,0.11466666667
99847705,0.04533333333
77692207,0.29466666667
52845561,0.24466666667
2086991192713550949,0.80600000000
2086782340052812897,0.08483333333
1910605704808279821,0.58266666667
99344915,0.63000000000
80738535,0.96766666667
107979483,0.62900000000
11694007,0.28613333333
1846862134886738181,0.01213333333
1846540109129607937,0.55005555556
11723819,0.00066666667
45426261,0.10309629630
1310007987283756847,0.00000000000
1713370551333001057,0.65000000000
24904029,0.80311111111
1280939931395633355,0.84800000000
1767091286965311141,0.50266666667
36389273,0.15000000000
79610593,0.74822222222
43131055,0.98666666667
91277497,0.06266666667
1469789741367009073,0.87400000000
1318999408719496181,0.92511111111
1967157,0.00900000000
77042689,0.81266666667
54719155,0.57116666667
84619865,0.78733333333
28431013,0.63525925926
1168576712393097065,0.19600000000
1688474935401379181,0.68733333333
91982739,0.94200000000
94581911,0.63533333333
1416335838663246891,0.67455555556
5031135,0.79453333333
1556801719795900061,0.83733333333
97611913,0.79333333333
1880946011681553521,0.00000000000
32024397,0.81200000000
2007144568547307289,0.80600000000
83820517,0.91733333333
1931857875606429885,0.89933333333
1887274362048722653,0.71866666667
1491312191802602547,0.00000000000
1982561103112768875,0.01175000000
1621807594353631845,0.64266666667
1340947739655656635,0.78733333333
106186665,0.00133333333
67118945,0.30488888889
1908880293398770063,0.02333333333
1497519769432020197,0.70733333333
106940283,0.86066666667
90354225,0.16733333333
1278787167439248055,0.14359121651
1279491101319475279,0.88720000000
16062641,0.83414814815
68637039,0.00000000000
36119883,0.88800000000
88378631,0.48733333333
1466674084710253837,0.68866666667
1266462303971830647,0.23130158730
1649886559871060611,0.42711111111
1953039789830439189,0.77733333333
1997150184636362247,0.40433333333
51364731,0.23533333333
100224683,0.57577777778
1675233367939807679,0.54100000000
1469016686697243049,0.27147222222
31853645,0.41088888889
1413108431106400585,0.00333333333
1604104795034942413,0.70000000000
1424929854791509091,0.32316666667
108594725,0.69200000000
2039142019885483641,0.67800000000
1421566468011029103,0.28680000000
2020221031195203491,0.96400000000
1117623913405010719,0.44933333333
1958057704501818215,0.39460606061
1128220196570808721,0.00000000000
82052431,0.81200000000
2030275756358249175,0.00000000000
1554163139847385025,0.89866666667
1790158090150565859,0.48800000000
34345907,0.00111111111
68177703,0.56700000000
1985276483356245081,0.00666666667
1448904625461721791,0.00000000000
3674183,0.46466666667
85906559,0.68733333333
68403171,0.25333333333
88688265,0.05333333333
79553879,0.94266666667
1507144546271994397,0.66533333333
50513523,0.92200000000
23395109,0.18955555556
1628377100214274491,0.82933333333
99989633,0.03700000000
1900462357191590803,0.96333333333
100946403,0.67133333333
19291637,0.11680000000
1675319232493957165,0.20920000000
73073983,0.22916825397
108081231,0.82533333333
1360612742785068119,0.01241666667
2068444653268150681,0.32733333333
1804458687312808499,0.75400000000
1786695635558659321,0.00000000000
1900483087777213223,0.92866666667
1636171568969091763,0.70200000000
41332229,0.00000000000
99465439,0.87400000000
70991251,0.16310000000
95848655,0.31666666667
3863637,0.92533333333
70703817,0.70790476190
1972696331751942731,0.52533333333
1927695766692034519,0.00000000000
1450539725631029531,0.94066666667
1775138928820746587,0.97333333333
1761032860324212733,0.95133333333
1965677983458573723,0.00066666667
68767277,0.00016413547
99012687,0.76466666667
61686437,0.58477777778
106832827,0.00066666667
86060771,0.04133333333
29062929,0.45000000000
2087495270964236553,0.53466666667
41106333,0.26500000000
1442412922986787637,0.00000000000
63261081,0.56483333333
1826309227515947431,0.05533333333
1724047910601778699,0.80000000000
88252531,0.05291666667
1712601668776805929,0.48683333333
1418507992410290313,0.67633333333
1403356772059921197,0.41506666667
1805649444166693267,0.24066666667
68089649,0.29014814815
1439217245058346773,0.82333333333
7740921,0.93133333333
1734965831978284627,0.14660079365
1712119552287068209,0.18666666667
2064013288051534089,0.00133333333
2047977685643384225,0.37650000000
2034796840155448197,0.43122222222
1479138080938978789,0.79533333333
30333399,0.45466666667
1140863463479544751,0.00000000000
101282027,0.93533333333
2036330054660140603,0.00133333333
5461103,0.39566666667
1216206132632861519,0.37200000000
101052533,0.80566666667
1710357037874167387,0.09388888889
16546535,0.20334722222
1998369832916074403,0.24969100529
1534453971908916443,0.06311111111
1764751127182143371,0.59255555556
105007983,0.26700000000
12945133,0.10533333333
1764968142939189199,0.38600000000
1351942941495309671,0.92666666667
39457163,0.19861111111
22915739,0.08655555556
81982247,0.83133333333
1887423637015125911,0.44955555556
65792219,0.41066666667
1971011777655968287,0.92800000000
51880897,0.47400000000
73825801,0.63500000000
1657134581839621185,0.06466666667
97254819,0.94288888889
1318228227288425983,0.86733333333
5748849,0.24533333333
105479001,0.34042222222
46466107,0.70933333333
1930378740731427621,0.50108888889
1302976267122687827,0.00000000000
1688683571793444115,0.04600000000
106976615,0.87000000000
2048355569709901259,0.00066666667
24306095,0.89866666667
61630751,0.75733333333
1828037494095301191,0.01306349206
1916982296405993419,0.88733333333
1829335119468044229,0.81377777778
1779812506068743755,0.74481481481
3240073,0.21245555556
21943375,0.68453333333
76811875,0.42350000000
103004607,0.21133333333
1327548466900573461,0.30033333333
101356135,0.17266666667
1788661188924071745,0.98533333333
2011658824402468249,0.27900000000
1255251004554681367,0.73770000000
1546580759802422095,0.74044444444
1483208483784165625,0.51933333333
1165109081425160025,0.74166666667
1506020459294709519,0.05200000000
79684667,0.56600000000
101238783,0.13640317460
98031633,0.00133333333
101780119,0.70155555556
100984489,0.07733333333
1467932814606180721,0.88253333333
21371005,0.64466666667
77760905,0.88600000000
24042439,0.74600000000
1936074172520252821,0.19133333333
2050454951981612791,0.83666666667
1530954258647365775,0.16913333333
106654647,0.77000000000
2090373282565610389,0.78200000000
1665554651216003759,0.10911111111
73671563,0.04233333333
61078179,0.05400000000
82617761,0.41333333333
38316911,0.09166666667
1491803885660844715,0.00266666667
2031003821464953447,0.78795698925
90535753,0.11786666667
104374425,0.01933333333
2050450653425029083,0.14118518519
37883793,0.88800000000
79795445,0.94466666667
1419989734654517893,0.51916666667
1511741797494345079,0.97266666667
43247669,0.11066666667
1357996299252171009,0.14845555556
1965599291430534373,0.68192592593
1496992017568814883,0.16122222222
7035845,0.07744444444
1421659989143336445,0.87066666667
1892461424856797213,0.36666666667
41668033,0.88200000000
1178434380748852363,0.89600000000
1272500128128925639,0.95800000000
1823417415346959047,0.15050000000
86830239,0.88333333333
450505,0.11741111111
1743543221589618837,0.67800000000
1658090696999231789,0.66666666667
1329391673743594571,0.24926904762
2049925514348154689,0.05400000000
71022497,0.99266666667
1528002884501837509,0.86400000000
73182925,0.62077777778
2081591124488843451,0.58666666667
47564159,0.64533333333
1371156293049087491,0.97866666667
1358078653973494513,0.78333333333
1722125883736940761,0.63766666667
1429101115940094021,0.92866666667
82162541,0.82666666667
1889617085698343211,0.04733333333
1884555499463897023,0.92800000000
1932238872386067889,0.02333333333
1942024801716746187,0.00766666667
63669313,0.75533333333
41971077,0.29996666667
1763912052723071651,0.12933333333
1832117337673708291,0.88000000000
7906521,0.28950000000
1550365063044483091,0.80466666667
84829227,0.69666666667
1213559570966853823,0.09233333333
1429234845027651779,0.63533333333
1424893923120656983,0.78777777778
28231289,0.28907777778
1926267096043304235,0.71700000000
76262577,0.28470952381
1977236114048842859,0.80133333333
42351209,0.07333333333
70512591,0.98666666667
1968044062003980951,0.44005555556
2017641326506297505,0.84533333333
1737260571894610037,0.10516719577
92820393,0.79266666667
1014911,0.87800000000
1189547445248869799,0.83733333333
1491817075621356849,0.38816666667
1339701803308620761,0.09000000000
83284869,0.95200000000
79744249,0.63100000000
43844319,0.63800000000
1823369781629032825,0.58788888889
1656719653005124271,0.01666666667
101832137,0.85266666667
1149399240931905341,0.07200000000
107703963,0.83800000000
1905668358814220513,0.26866666667
1500233073906420643,0.08722222222
1912732982877977019,0.00133333333
1998604820813439769,0.73266666667
1411415494881018767,0.18933333333
1981034598954590019,0.53750097125
49378149,0.16666666667
97966045,0.78733333333
1581414827681394911,0.48436190476
1865105900750184083,0.69377777778
7392233,0.10146666667
1430681442117957779,0.21083333333
1777257453594194805,0.05666666667
34340327,0.16888888889
105257275,0.75200000000
81872643,0.29666666667
101449061,0.15266666667
100394289,0.34586111111
1988447373437341533,0.15733333333
68390727,0.33390476190
1701722323589812785,0.94466666667
2079772809165604465,0.59066666667
1510075643757448201,0.47983333333
1493964592403833115,0.96066666667
106895649,0.83733333333
1460590278462308969,0.83400000000
16197815,0.95875804745
1172907035593716915,0.69600000000
1491401709842623769,0.83666666667
1662629643063603157,0.67085494908
1544995688231242879,0.00000000000
107178055,0.02400000000
94006537,0.74066666667
100694777,0.59122222222
1098217223950481363,0.82866666667
84231025,0.58133333333
1785847534846076661,0.39013333333
2026508708567958727,0.63880555556
99776105,0.23889523810
96934325,0.19784920635
2052101923076037351,0.06573399471
103076855,0.94333333333
1565449223630100087,0.27188888889
95486153,0.48333333333
34920811,0.01466666667
91157795,0.44966666667
25175943,0.00000000000
87065591,0.94000000000
63971807,0.36333333333
1443188313107849387,0.55040000000
1119272426660392013,0.17349947090
101794801,0.00000000000
98317671,0.76533333333
76320699,0.74133333333
1373311227163842475,0.81233333333
78962869,0.42000000000
2012729464914001655,0.78200000000
1637625618974453965,0.61666666667
2065508031054274343,0.94933333333
72190273,0.00000000000
39894629,0.51000000000
1161100095668657357,0.00190476190
1268472496033438697,0.18400000000
53685975,0.00066666667
1545797343626728059,0.76133333333
1330285514375069531,0.03538888889
1609397605287589359,0.05133333333
1610370739276987297,0.62600000000
1899788249665772539,0.23400000000
1810107399522147065,0.76533333333
1743814344363685355,0.59933333333
1771687847935298329,0.87400000000
1511499989901390411,0.69000000000
1297076782003526911,0.12778632479
77629259,0.90333333333
1242179513552462571,0.98733333333
20142669,0.67000000000
69805447,0.43466666667
1529338895414613347,0.12293333333
1403972218111012541,0.89600000000
53566579,0.00933333333
1931934430396011255,0.68266666667
1804206099436790025,0.02533333333
1946344010540914335,0.32694444444
1562055583476387655,0.01600000000
1304629282474053847,0.91400000000
108007071,0.44600000000
74182737,0.76066666667
39724693,0.35800000000
1274395306693987459,0.03866666667
53001467,0.72133333333
2048066682297132439,0.44800000000
102428073,0.82800000000
35781473,0.27270000000
1128392292832509953,0.00000000000
105131323,0.62200000000
1684400434099033815,0.82816666667
1449350967338097297,0.58466666667
68162405,0.36666666667
108582007,0.42000000000
28332361,0.25900000000
1777682670391320215,0.00333333333
1642438154807222515,0.37640000000
81642901,0.75333333333
96206857,0.89800000000
76323285,0.95333333333
2065078742983612829,0.61111111111
1153624953280455127,0.28933333333
1394851240026968509,0.56522222222
1136167816757181035,0.44527777778
104816429,0.10055555556
108050751,0.66333333333
1883182968918653691,0.80600000000
85873405,0.62666666667
1814612546208251537,0.19600000000
1385370372815587939,0.24211111111
1416272641582433093,0.05366666667
1701841863635329301,0.26548333333
1292911049172857557,0.38791717172
1656504891542769391,0.00000000000
1581360256976897225,0.44206666667
1787015446017084257,0.00000000000
80625315,0.42977777778
83953497,0.67866666667
50729391,0.24372222222
99467139,0.65866666667
102444869,0.45266666667
1691597726923135035,0.29016666667
1997074467986495947,0.94933333333
1998310946173997547,0.00211904762
99466555,0.24816666667
1243207110030146055,0.93333333333
59412677,0.31456866805
2009805806543003007,0.85166666667
1831717836955341715,0.92566666667
1875258552822584163,0.94066666667
66843863,0.29297680098
1924722811875387241,0.35266666667
74600313,0.60000000000
90000633,0.54300000000
2027851468771835523,0.77000000000
103238291,0.03400000000
1248959549985964121,0.62000000000
1168212939934839197,0.80066666667
81899625,0.14202898551
1973046686365015329,0.40933333333
1865632946660167917,0.50236026936
1552645492288142485,0.13436666667
90482945,0.83466666667
50904321,0.00600000000
1705842208950424371,0.00133333333
13057163,0.00495238095
47098733,0.96266666667
1336634556859839305,0.06866666667
85133385,0.48866666667
83104681,0.06459047619
2010662279794737747,0.14200000000
93517413,0.43866666667
1389447058656578687,0.39640000000
1613269732641270407,0.40333333333
66941995,0.79000000000
1810091038981453061,0.00000000000
42564017,0.79133333333
1994394502119954075,0.41877777778
2027847678371653963,0.96866666667
2064117312350219299,0.00000000000
103594589,0.16666666667
12749657,0.14210317460
1591361657289206939,0.59800000000
1216505082949102981,0.00000000000
76755633,0.45103760684
1717548220376992579,0.07311111111
1436577561684636185,0.95933333333
13346019,0.80866666667
91912797,0.92644444444
96495623,0.89051360300
85924767,0.33955555556
1124790906398353043,0.42133333333
1867941977509275579,0.71666666667
1937935717325274853,0.41566666667
107081999,0.47366666667
69202405,0.04600000000
1869262164686027989,0.90866666667
1603024170213555085,0.07666666667
99825093,0.94666666667
106122849,0.85400000000
1642280580785722519,0.02466666667
107429785,0.42311111111
1329128138321248875,0.10866143791
34930223,0.95933333333
1918004774931556225,0.00000000000
88749895,0.05266666667
81957697,0.54333333333
1895162538052620715,0.00400000000
107062219,0.01600000000
99743979,0.97066666667
69501367,0.11600000000
1325890520459553941,0.10610299145
47537153,0.11400000000
2008998651294642653,0.00133333333
1209274369024827989,0.26025925926
96608471,0.40350000000
4610337,0.19000000000
18975661,0.15731746032
1449263973922623699,0.87733333333
1878518596657581039,0.00066666667
99008271,0.89000000000
13433287,0.81800000000
1108307989573329053,0.01533333333
1707198789332099307,0.47633333333
1302639257936558669,0.06000000000
108312707,0.46133333333
62658449,0.92266666667
2036325814749445409,0.86100000000
1497504689842894383,0.11695555556
92862567,0.74979307359
1752621071114951005,0.34766666667
77164229,0.10114444444
1659794692662999095,0.24666666667
86973031,0.21733333333
1173663933102403053,0.46133333333
38824413,0.44000000000
1524381260129418549,0.43633333333
1239117943892103787,0.30733333333
1459255436277722633,0.19933333333
66906235,0.17333333333
37408951,0.00000000000
1202770233825136843,0.68066666667
1902803789830526025,0.41533333333
1298953717822153169,0.91800000000
1241601081261201131,0.66933333333
1804021252937622037,0.43933333333
1708964755218183121,0.64066666667
1626364580396571253,0.40000000000
99137449,0.08566666667
1837909383106569209,0.00200000000
17560863,0.02108333333
1891325141638540809,0.61550000000
1333345423028718377,0.12009523810
1658102090491367077,0.34986666667
1826992801062996695,0.33935555556
108335597,0.00000000000
1166795529750601571,0.77733333333
1158215821837906399,0.11786666667
2078888423866988489,0.78833333333
101399951,0.01323809524
99976433,0.76133333333
1942386844297937059,0.72611111111
1084011,0.13800000000
25429305,0.76800000000
83569321,0.12440476190
1884620270042757323,0.00000000000
1304078007756333395,0.63000000000
1413993245717151161,0.21583333333
53008491,0.13788888889
1474825083038432953,0.92466666667
1933224925509240403,0.29506984127
2017663937183430273,0.40157777778
96543577,0.16877777778
1411563565494677789,0.33933333333
40721641,0.00200000000
1505895176320700661,0.58400000000
1704843564013456861,0.73933333333
1196826244094422881,0.50266666667
1950354240187140717,0.24066666667
1429823852036980469,0.44805555556
1755314807175986455,0.31480000000
13057611,0.33666666667
1739187177830057647,0.42300000000
1313335719443003291,0.96533333333
10234857,0.68200000000
1468070128703495679,0.01433333333
1866710684809005723,0.00080000000
1292494016118049367,0.27233333333
1303131002140145523,0.83800000000
43095825,0.14600000000
87325483,0.00018589744
81059989,0.09066666667
106940271,0.03400000000
101265277,0.17666666667
1821795152660432889,0.46000000000
1814675228476722875,0.14533333333
1817649723042839005,0.75600000000
30265183,0.39866666667
1784235436415675591,0.80253333333
106950285,0.70800000000
83800811,0.44050000000
102396225,0.55066666667
13057541,0.23933333333
1410796983338884045,0.24133333333
99828099,0.51277777778
1789549865766033443,0.09608888889
1182950062098208745,0.17562037037
81880919,0.13688888889
1959357882277893449,0.43733333333
1745167308450586199,0.04533333333
101517567,0.55666666667
85177323,0.05133333333
1920317934377914553,0.00200000000
1848407302848477351,0.08155873016
1681774938828004893,0.38693333333
1685633164986431285,0.15846699346
1858440037539889935,0.04466666667
108330633,0.51780143369
59983481,0.48466666667
1886961913303181679,0.36333333333
77111913,0.02333333333
1991418086366112679,0.00000000000
56217441,0.05333333333
2079773764086523481,0.85400000000
2075029294544412205,0.26800000000
2039429172219373905,0.30500000000
54453267,0.95666666667
2083226911535538965,0.40687777778
188777,0.00000000000
1326259612584767399,0.72117989418
77686645,0.76800000000
36662917,0.74133333333
88290793,0.18466666667
92232173,0.25036111111
1403973809306275981,0.03601481481
5358789,0.15261111111
1953997229537027315,0.00008333333
1513728258735086935,0.10000000000
1732058484667448429,0.37866666667
1427227632876481247,0.13656190476
1764996498648292401,0.57266666667
1169462897047487881,0.89266666667
101612327,0.00666666667
1341390803861589935,0.53666666667
57554847,0.01066666667
2051137523346409531,0.49866666667
46291919,0.34933333333
32287279,0.61155555556
89331065,0.49011111111
1494269252274081133,0.17133333333
1130569671642260113,0.64533333333
1146373442979650725,0.00000000000
1110296200435657299,0.49666666667
99294461,0.78000000000
1306131005578680527,0.96933333333
76181819,0.25744444444
1934634865521218865,0.33644444444
1784507969382684385,0.02933333333
1712739320609630459,0.12266666667
1439187650337005359,0.59920000000
2044256114971408905,0.71933333333
1252466245425897241,0.68200000000
1727382438194859697,0.09248888889
1945868108953921271,0.98600000000
1179875396302483969,0.01200000000
1255095734250429531,0.04422222222
2047597556835190845,0.63888888889
2037090792588862331,0.44533333333
1582196590748434217,0.90400000000
64490563,0.44200000000
108050377,0.81400000000
1775902779782212837,0.00000000000
1442137099081673549,0.48223809524
2064108337022422367,0.88866666667
2061132968474431525,0.91600000000
1773860949432253179,0.00000000000
99142703,0.91600000000
49503023,0.63666666667
1282688177618889253,0.24122222222
54456283,0.06866666667
1639358709633970355,0.86933333333
106793151,0.30733333333
83821735,0.62800000000
1901265883212759579,0.07884444444
1251112033465689561,0.83400000000
72473695,0.02933333333
77405197,0.44333333333
1179884449640341171,0.10466666667
1237670806863933943,0.86333333333
2030657724035234439,0.67800000000
1864092402678796939,0.00066666667
2052037639967841157,0.95266666667
1443090754416578177,0.04466666667
69949945,0.84333333333
97762733,0.72066666667
1923231492901848683,0.42333333333
26833455,0.42866666667
15151031,0.95666666667
54332511,0.55474619883
1834551337269775903,0.95666666667
85905013,0.58044444444
1290610209794048561,0.34266666667
1436332449769936967,0.00044444444
1469703196768865061,0.24491904762
1826982901295858027,0.54733333333
1595790980968119213,0.28533333333
1975860100738577657,0.21800000000
1764258478751997065,0.03261111111
81405431,0.09933333333
83642521,0.38900000000
82036275,0.92800000000
1729435313861490499,0.60100000000
1932487638516842729,0.11436296296
1775769156274758897,0.24352142857
1250498474144822535,0.10200000000
106112151,0.12591111111
1826978989905823765,0.04955555556
1351118024449157261,0.12457222222
1982629953696827225,0.84000000000
26414929,0.66333333333
98811835,0.40466666667
2037111642995421305,0.10990000000
107124273,0.26566666667
57895907,0.00000000000
43420693,0.20288888889
1884147113805784499,0.67066666667
1484297243636835849,0.55500000000
96484871,0.83733333333
1756209787174240989,0.24794444444
2050455151348022045,0.35247407407
46934379,0.00400000000
36145133,0.06222222222
1939536425540841521,0.52666666667
72161341,0.88933333333
1144957887734534213,0.37600000000
1411717116686482523,0.85933333333
1475654634601466847,0.97066666667
37852331,0.21766666667
88615047,0.84600000000
91031039,0.06212222222
79861207,0.85600000000
73825015,0.25533333333
1775739135021491145,0.53233333333
1170543062364066831,0.00000000000
1947187375928757495,0.62133333333
1878397072376249405,0.85733333333
1116429502248319609,0.43533333333
16302799,0.31373333333
1339219370639428231,0.00016413547
75140783,0.00066666667
1937858209569001601,0.19133333333
38484291,0.00333333333
1933288016072949737,0.36186666667
1095120611032217753,0.94333333333
1704248770170920677,0.51200000000
105041679,0.00000000000
1766274805176300735,0.17474761905
40997503,0.78270101010
1469631525105442255,0.18200000000
1726117,0.70733333333
104700969,0.47533333333
61582941,0.04866666667
1398830332178281259,0.96321904762
2065036533768404873,0.46600000000
21097275,0.93266666667
2039241321358443581,0.94733333333
1786820335787410147,0.75066666667
2078497815505118555,0.07340000000
1515711263095725469,0.37777777778
1331798045410846701,0.95266666667
83820463,0.74760000000
1100265550617940917,0.74000000000
98438229,0.07000000000
79935975,0.10283333333
13514073,0.80573611111
1907407849047783281,0.67533333333
85925077,0.23244444444
83686255,0.16333333333
1857609164538860411,0.03200000000
2081941379875300285,0.00200000000
2050810110238116223,0.79933333333
2050453533837296657,0.18933333333
98145835,0.45000000000
1384151986418655299,0.57333333333
2050453018571880663,0.30433333333
1511520648735317993,0.99200000000
1734787454887098497,0.12252380952
1933974669739814469,0.14531746032
1897615045142254795,0.38555555556
88407223,0.28333333333
95724061,0.90400000000
79578977,0.32066666667
63302719,0.42833333333
1276372424416939177,0.16400000000
1469821142151585939,0.22352380952
88866003,0.00218589744
70754665,0.88733333333
1317808078164881127,0.20000000000
16545817,0.88333333333
79207963,0.85266666667
93767195,0.65433333333
71462631,0.30811111111
1181538047823096511,0.00000000000
22512883,0.20700000000
1634832729021313673,0.18261111111
98750749,0.70333333333
1804284241176283659,0.08646666667
1814876806265846401,0.83800000000
1467974646512745049,0.73122222222
2041003149703645653,0.25266666667
71334489,0.84819444444
105860393,0.91600000000
65642091,0.54616666667
103778281,0.37133333333
1992759774547623729,0.60966666667
97052817,0.02266666667
79538085,0.15666666667
2009375777593960261,0.18577777778
1997277338612864993,0.16633333333
97701963,0.26789682540
1313316892043944315,0.84311111111
1238351880428183895,0.25458454106
1621289160461520519,0.03066666667
1676251311316044087,0.66266666667
50370121,0.74400000000
39102919,0.55150000000
1680855737012497243,0.75000000000
95061405,0.20008333333
1511181872438924069,0.00000000000
50477017,0.01666666667
102462309,0.00000000000
78501561,0.14029629630
2049763488854120181,0.29666666667
99825257,0.10933333333
1767205729740485785,0.01466666667
24191133,0.00000000000
1736958657713633289,0.17900000000
1192865499442041357,0.86300000000
1402305217902754389,0.19577777778
1833546309840011187,0.97133333333
105784479,0.79800000000
1175075164602787051,0.32488888889
97914465,0.01666666667
1331835098246136791,0.45248148148
66753315,0.30266666667
1812865088529470415,0.75066666667
1850823897616955387,0.43922222222
1497343015091397945,0.37666666667
1434515534517956285,0.33466666667
106725111,0.32155555556
49391379,0.75849323671
2058320459725070899,0.60333333333
105801227,0.15328571429
1936726655583580747,0.39200000000
88426067,0.08955555556
57424941,0.81400000000
1258057089861868043,0.16622222222
1966730660416986473,0.83866666667
78180363,0.81200000000
68274409,0.25848148148
1471825330258819535,0.73466666667
107346635,0.90466666667
31098047,0.75233333333
1907330653862471789,0.01631111111
30999961,0.14466666667
1531740826671771147,0.70333333333
107501987,0.71366666667
27596759,0.88866666667
1672997900623919125,0.74066666667
78056773,0.82600000000
44116543,0.21000000000
1498898110143078381,0.23000000000
95676869,0.31783923484
88945639,0.53805555556
1951612750792437591,0.37600000000
1989915328073152829,0.61800000000
1859705,0.00000000000
105156677,0.04966666667
1872771752674988287,0.07933333333
1911544414233264099,0.40783333333
1964480576091728551,0.15688888889
1558880242794186749,0.19894841270
95830519,0.16405555556
1918780010446455011,0.24166666667
59415719,0.30466666667
69571131,0.26416666667
56520479,0.14552222222
53277335,0.00533333333
1280721265654335463,0.96000000000
1256870036236634787,0.55166666667
1802746432937984447,0.25056349206
1329160676555925193,0.83866666667
100882355,0.69666666667
85408359,0.02706666667
100616969,0.91466666667
104616335,0.28194444444
41359853,0.56333333333
96223967,0.17353076923
1395145,0.77733333333
1342030109145514191,0.95133333333
2023475874917429755,0.02533333333
1105894073809974649,0.00000000000
1307624601861897427,0.03666666667
1867994243931585181,0.56496825397
95483639,0.76155555556
1554992583494492927,0.00000000000
13988457,0.26555555556
105542257,0.82333333333
1367513015719675069,0.44945259740
104843225,0.15022222222
43003155,0.03600000000
1771012369309838391,0.18778095238
1815781604861699729,0.00133333333
79887633,0.54200000000
58205997,0.62311111111
105223071,0.40200000000
4792557,0.81933333333
2081252046687147083,0.00000000000
2052446265244559961,0.40300000000
97255241,0.08488888889
45586089,0.04533333333
102664803,0.14666666667
1624443693673989875,0.48355555556
1481017377951278685,0.01350000000
1835371257754006255,0.95466666667
36689885,0.44533333333
79718557,0.06066666667
91737297,0.52333333333
54672233,0.01466666667
1337454329937767977,0.00688994709
1672241563234465379,0.10614444444
2033939467169361177,0.52000000000
1888248526012909431,0.46533333333
107534693,0.74133333333
1491969817204516353,0.53244444444
2064123997857947019,0.93466666667
95074213,0.91666666667
70692889,0.91403928571
1412176071794936565,0.00213333333
1300321406625893207,0.07427222222
103820587,0.17794444444
34877681,0.44031388889
1826082189056112875,0.74921111111
88327261,0.51066666667
104931881,0.57400000000
1670133295354514619,0.74700606061
86844551,0.93333333333
94057741,0.00000000000
12726533,0.24666666667
102863461,0.59941666667
81851711,0.13003333333
100520463,0.37844444444
1244675251123271963,0.02266666667
2008528078439362713,0.05000000000
103631229,0.12547222222
2036327946416918741,0.00000000000
1554103785780759741,0.18133333333
88252583,0.09733333333
107860271,0.93155555556
99542973,0.67933333333
1560503646630029901,0.82400000000
1451545675985902799,0.67233333333
1768954177095963577,0.53416666667
15619937,0.95800000000
74215797,0.75666666667
40455815,0.52666666667
42181157,0.11011111111
1945920283494228139,0.95933333333
1786599379278607903,0.13355000000
1160762903033216183,0.29690000000
93633243,0.63500000000
1804547624885021503,0.53133333333
1743408269330609219,0.77533333333
1971289975007363115,0.65666666667
30928591,0.48600000000
2049932785840615943,0.97490595238
74917205,0.72266666667
75503923,0.51533333333
70568347,0.29294444444
44798957,0.45766666667
1929899281829298917,0.44133333333
36015595,0.40400000000
1472538040789213113,0.18133333333
79743915,0.56133333333
